user_id,alert_type,risk_score,risk_level,timestamp,location,details
USER_0001,IMPOSSIBLE_TRAVEL,90,HIGH,2026-03-24 12:06:12.096836,New York,
USER_0001,IMPOSSIBLE_TRAVEL,90,HIGH,2026-04-07 17:23:11.098753,New York,
USER_0001,IMPOSSIBLE_TRAVEL,90,HIGH,2026-04-08 06:56:18.098056,Tokyo,
USER_0001,IMPOSSIBLE_TRAVEL,90,HIGH,2026-04-09 15:30:42.103280,New York,
USER_0001,IMPOSSIBLE_TRAVEL,90,HIGH,2026-04-10 15:04:13.093469,Paris,
USER_0001,IMPOSSIBLE_TRAVEL,90,HIGH,2026-04-12 07:14:47.096562,New York,
USER_0001,IMPOSSIBLE_TRAVEL,90,HIGH,2026-05-11 22:22:53.099435,Singapore,
USER_0001,IMPOSSIBLE_TRAVEL,90,HIGH,2026-05-18 20:33:12.099984,Los Angeles,
USER_0001,IMPOSSIBLE_TRAVEL,90,HIGH,2026-05-19 14:33:31.096425,New York,
USER_0001,IMPOSSIBLE_TRAVEL,90,HIGH,2026-05-26 20:43:32.098344,Tokyo,
USER_0002,IMPOSSIBLE_TRAVEL,90,HIGH,2026-03-28 16:14:40.110464,Singapore,
USER_0002,IMPOSSIBLE_TRAVEL,90,HIGH,2026-03-30 23:14:55.111659,Singapore,
USER_0002,IMPOSSIBLE_TRAVEL,90,HIGH,2026-03-31 10:31:56.107961,New York,
USER_0002,IMPOSSIBLE_TRAVEL,90,HIGH,2026-04-01 12:27:12.105986,Sydney,
USER_0002,IMPOSSIBLE_TRAVEL,90,HIGH,2026-04-01 13:17:50.106096,New York,
USER_0002,IMPOSSIBLE_TRAVEL,90,HIGH,2026-04-04 14:23:22.111983,New York,
USER_0002,IMPOSSIBLE_TRAVEL,90,HIGH,2026-04-11 06:06:47.110034,New York,
USER_0002,IMPOSSIBLE_TRAVEL,90,HIGH,2026-04-21 10:22:42.108829,New York,
USER_0002,IMPOSSIBLE_TRAVEL,90,HIGH,2026-04-22 07:53:14.106981,Sydney,
USER_0002,IMPOSSIBLE_TRAVEL,90,HIGH,2026-04-22 14:39:31.113311,New York,
USER_0002,IMPOSSIBLE_TRAVEL,90,HIGH,2026-04-27 14:00:52.109046,New York,
USER_0002,IMPOSSIBLE_TRAVEL,90,HIGH,2026-04-29 08:31:30.110787,Dubai,
USER_0002,IMPOSSIBLE_TRAVEL,90,HIGH,2026-05-03 07:04:30.108288,Sydney,
USER_0002,IMPOSSIBLE_TRAVEL,90,HIGH,2026-05-03 12:45:59.107845,New York,
USER_0002,IMPOSSIBLE_TRAVEL,90,HIGH,2026-05-24 18:01:19.108398,Sydney,
USER_0002,IMPOSSIBLE_TRAVEL,90,HIGH,2026-05-24 19:44:04.106863,Paris,
USER_0002,IMPOSSIBLE_TRAVEL,90,HIGH,2026-06-02 18:54:25.112198,Dubai,
USER_0002,IMPOSSIBLE_TRAVEL,90,HIGH,2026-06-03 17:36:57.111335,Toronto,
USER_0002,IMPOSSIBLE_TRAVEL,90,HIGH,2026-06-05 16:03:58.105318,Sydney,
USER_0002,IMPOSSIBLE_TRAVEL,90,HIGH,2026-06-20 03:04:37.107304,London,
USER_0002,IMPOSSIBLE_TRAVEL,90,HIGH,2026-06-20 20:39:50.106536,New York,
USER_0003,IMPOSSIBLE_TRAVEL,90,HIGH,2026-04-03 16:10:17.115585,Los Angeles,
USER_0003,IMPOSSIBLE_TRAVEL,90,HIGH,2026-04-14 22:54:03.116869,Los Angeles,
USER_0003,IMPOSSIBLE_TRAVEL,90,HIGH,2026-04-30 12:15:48.117976,New York,
USER_0003,IMPOSSIBLE_TRAVEL,90,HIGH,2026-05-30 11:34:13.117692,Paris,
USER_0003,IMPOSSIBLE_TRAVEL,90,HIGH,2026-05-30 11:36:13.117692,Los Angeles,
USER_0003,IMPOSSIBLE_TRAVEL,90,HIGH,2026-06-15 08:06:19.119909,Sydney,
USER_0003,IMPOSSIBLE_TRAVEL,90,HIGH,2026-06-15 09:53:22.116449,Los Angeles,
USER_0004,IMPOSSIBLE_TRAVEL,90,HIGH,2026-03-25 06:18:02.126757,London,
USER_0004,IMPOSSIBLE_TRAVEL,90,HIGH,2026-03-29 19:14:50.123660,Mumbai,
USER_0004,IMPOSSIBLE_TRAVEL,90,HIGH,2026-05-03 13:49:42.122949,Tokyo,
USER_0004,IMPOSSIBLE_TRAVEL,90,HIGH,2026-05-04 08:29:35.128391,London,
USER_0004,IMPOSSIBLE_TRAVEL,90,HIGH,2026-05-10 14:45:16.127184,Mumbai,
USER_0004,IMPOSSIBLE_TRAVEL,90,HIGH,2026-05-10 19:20:49.128667,London,
USER_0004,IMPOSSIBLE_TRAVEL,90,HIGH,2026-05-17 13:34:31.129782,Paris,
USER_0004,IMPOSSIBLE_TRAVEL,90,HIGH,2026-05-18 07:01:55.131028,Los Angeles,
USER_0004,IMPOSSIBLE_TRAVEL,90,HIGH,2026-06-18 23:09:24.128529,Los Angeles,
USER_0005,IMPOSSIBLE_TRAVEL,90,HIGH,2026-04-04 23:33:17.137313,Dubai,
USER_0005,IMPOSSIBLE_TRAVEL,90,HIGH,2026-05-02 12:12:35.140442,Toronto,
USER_0005,IMPOSSIBLE_TRAVEL,90,HIGH,2026-05-19 13:25:12.137455,Singapore,
USER_0005,IMPOSSIBLE_TRAVEL,90,HIGH,2026-05-20 16:37:26.132005,Mumbai,
USER_0005,IMPOSSIBLE_TRAVEL,90,HIGH,2026-06-08 09:20:04.139870,Dubai,
USER_0005,IMPOSSIBLE_TRAVEL,90,HIGH,2026-06-08 12:55:33.139596,Toronto,
USER_0006,IMPOSSIBLE_TRAVEL,90,HIGH,2026-03-27 13:32:53.141971,Tokyo,
USER_0006,IMPOSSIBLE_TRAVEL,90,HIGH,2026-04-20 15:15:40.147715,New York,
USER_0006,IMPOSSIBLE_TRAVEL,90,HIGH,2026-05-04 10:04:46.147995,Sydney,
USER_0006,IMPOSSIBLE_TRAVEL,90,HIGH,2026-05-22 07:44:51.149383,Los Angeles,
USER_0006,IMPOSSIBLE_TRAVEL,90,HIGH,2026-05-23 06:18:41.144486,Sydney,
USER_0006,IMPOSSIBLE_TRAVEL,90,HIGH,2026-06-05 10:16:42.150568,Tokyo,
USER_0006,IMPOSSIBLE_TRAVEL,90,HIGH,2026-06-05 21:14:51.145211,Sydney,
USER_0006,IMPOSSIBLE_TRAVEL,90,HIGH,2026-06-06 06:16:59.145902,Paris,
USER_0006,IMPOSSIBLE_TRAVEL,90,HIGH,2026-06-06 06:18:59.145902,Dubai,
USER_0006,IMPOSSIBLE_TRAVEL,90,HIGH,2026-06-08 09:22:05.144175,New York,
USER_0006,IMPOSSIBLE_TRAVEL,90,HIGH,2026-06-08 09:52:05.144175,Dubai,
USER_0006,IMPOSSIBLE_TRAVEL,90,HIGH,2026-06-08 10:37:32.146603,Sydney,
USER_0006,IMPOSSIBLE_TRAVEL,90,HIGH,2026-06-15 15:50:37.152348,Sydney,
USER_0006,IMPOSSIBLE_TRAVEL,90,HIGH,2026-06-20 09:11:21.149694,Mumbai,
USER_0006,IMPOSSIBLE_TRAVEL,90,HIGH,2026-06-20 23:39:35.150742,Sydney,
USER_0007,IMPOSSIBLE_TRAVEL,90,HIGH,2026-04-02 12:35:24.156012,Toronto,
USER_0007,IMPOSSIBLE_TRAVEL,90,HIGH,2026-04-02 18:45:07.157058,Paris,
USER_0007,IMPOSSIBLE_TRAVEL,90,HIGH,2026-04-02 19:15:07.157058,New York,
USER_0007,IMPOSSIBLE_TRAVEL,90,HIGH,2026-04-02 22:11:18.153123,London,
USER_0007,IMPOSSIBLE_TRAVEL,90,HIGH,2026-05-21 18:15:22.153417,Los Angeles,
USER_0008,IMPOSSIBLE_TRAVEL,90,HIGH,2026-04-05 14:21:54.165546,Singapore,
USER_0008,IMPOSSIBLE_TRAVEL,90,HIGH,2026-04-28 13:56:30.163636,Mumbai,
USER_0008,IMPOSSIBLE_TRAVEL,90,HIGH,2026-04-28 15:12:36.164394,Singapore,
USER_0008,IMPOSSIBLE_TRAVEL,90,HIGH,2026-05-07 10:15:03.163818,Sydney,
USER_0008,IMPOSSIBLE_TRAVEL,90,HIGH,2026-05-07 21:38:08.161480,New York,
USER_0008,IMPOSSIBLE_TRAVEL,90,HIGH,2026-05-18 19:16:25.166112,Toronto,
USER_0008,IMPOSSIBLE_TRAVEL,90,HIGH,2026-05-19 08:14:45.159193,Tokyo,
USER_0008,IMPOSSIBLE_TRAVEL,90,HIGH,2026-05-25 18:57:13.159912,Singapore,
USER_0008,IMPOSSIBLE_TRAVEL,90,HIGH,2026-05-27 07:48:53.158765,Tokyo,
USER_0008,IMPOSSIBLE_TRAVEL,90,HIGH,2026-05-29 17:17:44.160621,Paris,
USER_0008,IMPOSSIBLE_TRAVEL,90,HIGH,2026-06-01 16:12:20.157901,Singapore,
USER_0008,IMPOSSIBLE_TRAVEL,90,HIGH,2026-06-09 03:46:43.162923,Singapore,
USER_0008,IMPOSSIBLE_TRAVEL,90,HIGH,2026-06-21 16:35:52.160768,Los Angeles,
USER_0008,IMPOSSIBLE_TRAVEL,90,HIGH,2026-06-21 23:43:56.163349,Singapore,
USER_0009,IMPOSSIBLE_TRAVEL,90,HIGH,2026-04-01 09:12:41.190230,New York,
USER_0009,IMPOSSIBLE_TRAVEL,90,HIGH,2026-04-03 10:07:14.191784,Paris,
USER_0009,IMPOSSIBLE_TRAVEL,90,HIGH,2026-04-04 19:56:08.189462,Mumbai,
USER_0009,IMPOSSIBLE_TRAVEL,90,HIGH,2026-04-06 14:15:24.186272,Sydney,
USER_0009,IMPOSSIBLE_TRAVEL,90,HIGH,2026-04-14 15:45:39.169996,Sydney,
USER_0009,IMPOSSIBLE_TRAVEL,90,HIGH,2026-04-14 22:43:50.192338,Paris,
USER_0009,IMPOSSIBLE_TRAVEL,90,HIGH,2026-04-15 12:58:39.186137,Sydney,
USER_0009,IMPOSSIBLE_TRAVEL,90,HIGH,2026-04-16 17:53:16.190480,London,
USER_0009,IMPOSSIBLE_TRAVEL,90,HIGH,2026-04-16 23:39:44.192481,Sydney,
USER_0009,IMPOSSIBLE_TRAVEL,90,HIGH,2026-04-17 15:21:53.184961,London,
USER_0009,IMPOSSIBLE_TRAVEL,90,HIGH,2026-04-18 07:04:50.192627,Sydney,
USER_0009,IMPOSSIBLE_TRAVEL,90,HIGH,2026-04-18 07:34:50.192627,Dubai,
USER_0009,IMPOSSIBLE_TRAVEL,90,HIGH,2026-04-18 07:37:11.188526,Sydney,
USER_0009,IMPOSSIBLE_TRAVEL,90,HIGH,2026-04-25 08:55:23.168106,Toronto,
USER_0009,IMPOSSIBLE_TRAVEL,90,HIGH,2026-04-26 23:58:19.188665,Tokyo,
USER_0009,IMPOSSIBLE_TRAVEL,90,HIGH,2026-04-27 08:52:15.169618,Sydney,
USER_0009,IMPOSSIBLE_TRAVEL,90,HIGH,2026-05-12 20:31:20.189796,New York,
USER_0009,IMPOSSIBLE_TRAVEL,90,HIGH,2026-05-15 22:30:21.170382,Sydney,
USER_0009,IMPOSSIBLE_TRAVEL,90,HIGH,2026-05-16 21:11:48.193025,Mumbai,
USER_0009,IMPOSSIBLE_TRAVEL,90,HIGH,2026-05-17 15:51:56.188806,Sydney,
USER_0009,IMPOSSIBLE_TRAVEL,90,HIGH,2026-05-28 08:36:46.171774,Tokyo,
USER_0009,IMPOSSIBLE_TRAVEL,90,HIGH,2026-06-06 09:57:49.185110,Mumbai,
USER_0009,IMPOSSIBLE_TRAVEL,90,HIGH,2026-06-09 22:44:03.191651,London,
USER_0009,IMPOSSIBLE_TRAVEL,90,HIGH,2026-06-12 14:29:56.168832,Mumbai,
USER_0009,IMPOSSIBLE_TRAVEL,90,HIGH,2026-06-13 09:58:58.170765,Sydney,
USER_0009,IMPOSSIBLE_TRAVEL,90,HIGH,2026-06-14 23:25:20.185562,Sydney,
USER_0009,IMPOSSIBLE_TRAVEL,90,HIGH,2026-06-20 09:34:10.190811,Paris,
USER_0009,IMPOSSIBLE_TRAVEL,90,HIGH,2026-06-22 23:49:55.193315,New York,
USER_0010,IMPOSSIBLE_TRAVEL,90,HIGH,2026-05-15 11:52:35.196361,Singapore,
USER_0010,IMPOSSIBLE_TRAVEL,90,HIGH,2026-05-16 20:13:58.200649,Los Angeles,
USER_0010,IMPOSSIBLE_TRAVEL,90,HIGH,2026-06-01 13:59:18.201347,Singapore,
USER_0010,IMPOSSIBLE_TRAVEL,90,HIGH,2026-06-08 21:12:19.193716,Tokyo,
USER_0011,IMPOSSIBLE_TRAVEL,90,HIGH,2026-04-28 18:31:14.203917,New York,
USER_0011,IMPOSSIBLE_TRAVEL,90,HIGH,2026-05-21 10:38:02.201921,Paris,
USER_0011,IMPOSSIBLE_TRAVEL,90,HIGH,2026-05-30 14:16:41.203771,London,
USER_0012,IMPOSSIBLE_TRAVEL,90,HIGH,2026-03-27 17:32:53.218889,Singapore,
USER_0012,IMPOSSIBLE_TRAVEL,90,HIGH,2026-04-02 16:03:55.223344,Paris,
USER_0012,IMPOSSIBLE_TRAVEL,90,HIGH,2026-04-24 11:14:29.223198,Dubai,
USER_0012,IMPOSSIBLE_TRAVEL,90,HIGH,2026-04-24 11:34:16.221432,Paris,
USER_0012,IMPOSSIBLE_TRAVEL,90,HIGH,2026-05-22 10:31:03.222421,Paris,
USER_0012,IMPOSSIBLE_TRAVEL,90,HIGH,2026-05-25 20:11:30.220172,Paris,
USER_0013,IMPOSSIBLE_TRAVEL,90,HIGH,2026-04-05 07:36:25.226845,Los Angeles,
USER_0013,IMPOSSIBLE_TRAVEL,90,HIGH,2026-04-06 03:37:14.225429,Sydney,
USER_0013,IMPOSSIBLE_TRAVEL,90,HIGH,2026-04-06 14:16:50.225849,Los Angeles,
USER_0013,IMPOSSIBLE_TRAVEL,90,HIGH,2026-05-06 17:25:34.224405,Toronto,
USER_0013,IMPOSSIBLE_TRAVEL,90,HIGH,2026-05-16 13:45:01.228442,London,
USER_0013,IMPOSSIBLE_TRAVEL,90,HIGH,2026-05-22 19:50:02.228294,Los Angeles,
USER_0013,IMPOSSIBLE_TRAVEL,90,HIGH,2026-06-04 07:31:18.227564,Mumbai,
USER_0013,IMPOSSIBLE_TRAVEL,90,HIGH,2026-06-04 21:53:31.227134,Dubai,
USER_0013,IMPOSSIBLE_TRAVEL,90,HIGH,2026-06-21 16:29:16.224689,Paris,
USER_0013,IMPOSSIBLE_TRAVEL,90,HIGH,2026-06-21 20:52:24.226701,Los Angeles,
USER_0014,IMPOSSIBLE_TRAVEL,90,HIGH,2026-04-18 20:20:38.255134,Paris,
USER_0014,IMPOSSIBLE_TRAVEL,90,HIGH,2026-04-18 21:02:42.259225,Singapore,
USER_0014,IMPOSSIBLE_TRAVEL,90,HIGH,2026-04-19 08:32:54.254255,Los Angeles,
USER_0014,IMPOSSIBLE_TRAVEL,90,HIGH,2026-04-19 18:42:31.255841,Singapore,
USER_0014,IMPOSSIBLE_TRAVEL,90,HIGH,2026-04-28 20:57:59.258941,Toronto,
USER_0014,IMPOSSIBLE_TRAVEL,90,HIGH,2026-04-28 21:53:38.258189,Dubai,
USER_0014,IMPOSSIBLE_TRAVEL,90,HIGH,2026-05-30 08:34:44.258045,Singapore,
USER_0014,IMPOSSIBLE_TRAVEL,90,HIGH,2026-05-30 09:22:13.254839,Toronto,
USER_0014,IMPOSSIBLE_TRAVEL,90,HIGH,2026-06-09 15:24:10.257479,Mumbai,
USER_0015,IMPOSSIBLE_TRAVEL,90,HIGH,2026-03-26 14:12:26.261346,Tokyo,
USER_0015,IMPOSSIBLE_TRAVEL,90,HIGH,2026-04-28 16:05:59.263179,Mumbai,
USER_0015,IMPOSSIBLE_TRAVEL,90,HIGH,2026-06-13 07:48:33.261068,Dubai,
USER_0015,IMPOSSIBLE_TRAVEL,90,HIGH,2026-06-13 09:23:03.261495,London,
USER_0015,IMPOSSIBLE_TRAVEL,90,HIGH,2026-06-16 14:38:02.264597,New York,
USER_0015,IMPOSSIBLE_TRAVEL,90,HIGH,2026-06-16 16:40:07.265441,London,
USER_0016,IMPOSSIBLE_TRAVEL,90,HIGH,2026-03-24 23:57:06.269195,Mumbai,
USER_0016,IMPOSSIBLE_TRAVEL,90,HIGH,2026-05-09 10:09:17.268537,Paris,
USER_0016,IMPOSSIBLE_TRAVEL,90,HIGH,2026-05-09 13:23:30.266992,New York,
USER_0016,IMPOSSIBLE_TRAVEL,90,HIGH,2026-05-09 16:37:43.266570,Tokyo,
USER_0017,IMPOSSIBLE_TRAVEL,90,HIGH,2026-04-23 21:02:04.272396,Toronto,
USER_0017,IMPOSSIBLE_TRAVEL,90,HIGH,2026-05-10 20:42:41.270045,Los Angeles,
USER_0018,IMPOSSIBLE_TRAVEL,90,HIGH,2026-03-29 16:46:12.281021,Singapore,
USER_0018,IMPOSSIBLE_TRAVEL,90,HIGH,2026-04-04 18:24:14.273524,Dubai,
USER_0018,IMPOSSIBLE_TRAVEL,90,HIGH,2026-04-04 21:35:51.273769,Singapore,
USER_0018,IMPOSSIBLE_TRAVEL,90,HIGH,2026-04-15 17:55:14.275901,Singapore,
USER_0018,IMPOSSIBLE_TRAVEL,90,HIGH,2026-04-16 11:00:01.276721,Tokyo,
USER_0018,IMPOSSIBLE_TRAVEL,90,HIGH,2026-04-16 13:20:29.277967,Singapore,
USER_0018,IMPOSSIBLE_TRAVEL,90,HIGH,2026-04-19 18:37:04.278095,Singapore,
USER_0018,IMPOSSIBLE_TRAVEL,90,HIGH,2026-04-22 14:15:09.281291,Singapore,
USER_0018,IMPOSSIBLE_TRAVEL,90,HIGH,2026-04-22 18:57:14.275002,Los Angeles,
USER_0018,IMPOSSIBLE_TRAVEL,90,HIGH,2026-04-23 10:13:25.280041,Singapore,
USER_0018,IMPOSSIBLE_TRAVEL,90,HIGH,2026-05-10 15:14:12.273281,Tokyo,
USER_0018,IMPOSSIBLE_TRAVEL,90,HIGH,2026-05-11 06:10:14.274480,Singapore,
USER_0018,IMPOSSIBLE_TRAVEL,90,HIGH,2026-06-12 13:46:29.277690,Toronto,
USER_0018,IMPOSSIBLE_TRAVEL,90,HIGH,2026-06-16 15:12:13.275120,Toronto,
USER_0018,IMPOSSIBLE_TRAVEL,90,HIGH,2026-06-17 11:25:29.275494,Los Angeles,
USER_0018,IMPOSSIBLE_TRAVEL,90,HIGH,2026-06-17 12:53:42.276590,Toronto,
USER_0018,IMPOSSIBLE_TRAVEL,90,HIGH,2026-06-21 10:30:16.276065,Mumbai,
USER_0018,IMPOSSIBLE_TRAVEL,90,HIGH,2026-06-21 20:08:48.278715,London,
USER_0019,IMPOSSIBLE_TRAVEL,90,HIGH,2026-04-06 09:28:18.290137,Toronto,
USER_0019,IMPOSSIBLE_TRAVEL,90,HIGH,2026-04-06 23:24:12.283380,Singapore,
USER_0019,IMPOSSIBLE_TRAVEL,90,HIGH,2026-04-07 16:37:53.292104,Mumbai,
USER_0019,IMPOSSIBLE_TRAVEL,90,HIGH,2026-04-08 14:27:11.293749,London,
USER_0019,IMPOSSIBLE_TRAVEL,90,HIGH,2026-04-08 16:31:46.284722,Mumbai,
USER_0019,IMPOSSIBLE_TRAVEL,90,HIGH,2026-04-10 08:36:39.295701,London,
USER_0019,IMPOSSIBLE_TRAVEL,90,HIGH,2026-04-10 12:54:57.294862,Mumbai,
USER_0019,IMPOSSIBLE_TRAVEL,90,HIGH,2026-04-11 07:27:30.292804,Los Angeles,
USER_0019,IMPOSSIBLE_TRAVEL,90,HIGH,2026-04-11 08:28:34.293230,Mumbai,
USER_0019,IMPOSSIBLE_TRAVEL,90,HIGH,2026-04-19 23:52:38.292243,New York,
USER_0019,IMPOSSIBLE_TRAVEL,90,HIGH,2026-04-25 15:37:32.282600,Toronto,
USER_0019,IMPOSSIBLE_TRAVEL,90,HIGH,2026-04-25 16:08:03.284222,Mumbai,
USER_0019,IMPOSSIBLE_TRAVEL,90,HIGH,2026-05-27 08:32:38.293522,New York,
USER_0019,IMPOSSIBLE_TRAVEL,90,HIGH,2026-05-28 23:01:49.289705,Singapore,
USER_0019,IMPOSSIBLE_TRAVEL,90,HIGH,2026-06-01 16:28:55.288006,Toronto,
USER_0019,IMPOSSIBLE_TRAVEL,90,HIGH,2026-06-01 18:13:59.283958,Los Angeles,
USER_0019,IMPOSSIBLE_TRAVEL,90,HIGH,2026-06-02 09:19:28.291823,Mumbai,
USER_0019,IMPOSSIBLE_TRAVEL,90,HIGH,2026-06-08 16:24:23.289858,Singapore,
USER_0019,IMPOSSIBLE_TRAVEL,90,HIGH,2026-06-12 22:59:04.282884,Mumbai,
USER_0019,IMPOSSIBLE_TRAVEL,90,HIGH,2026-06-14 18:04:40.288581,Tokyo,
USER_0019,IMPOSSIBLE_TRAVEL,90,HIGH,2026-06-15 12:11:20.295004,Mumbai,
USER_0019,IMPOSSIBLE_TRAVEL,90,HIGH,2026-06-18 14:11:45.290279,Mumbai,
USER_0019,IMPOSSIBLE_TRAVEL,90,HIGH,2026-06-22 22:42:15.293089,Mumbai,
USER_0020,IMPOSSIBLE_TRAVEL,90,HIGH,2026-04-05 09:24:04.300927,Sydney,
USER_0020,IMPOSSIBLE_TRAVEL,90,HIGH,2026-04-22 08:01:55.297062,Dubai,
USER_0020,IMPOSSIBLE_TRAVEL,90,HIGH,2026-04-23 07:14:42.303576,Sydney,
USER_0020,IMPOSSIBLE_TRAVEL,90,HIGH,2026-04-30 15:44:31.303415,Paris,
USER_0020,IMPOSSIBLE_TRAVEL,90,HIGH,2026-05-16 10:49:08.306883,Sydney,
USER_0020,IMPOSSIBLE_TRAVEL,90,HIGH,2026-05-20 08:33:32.297201,Toronto,
USER_0020,IMPOSSIBLE_TRAVEL,90,HIGH,2026-06-03 18:50:36.302887,Sydney,
USER_0020,IMPOSSIBLE_TRAVEL,90,HIGH,2026-06-03 19:58:55.296774,Los Angeles,
USER_0020,IMPOSSIBLE_TRAVEL,90,HIGH,2026-06-04 12:40:38.300078,Sydney,
USER_0020,IMPOSSIBLE_TRAVEL,90,HIGH,2026-06-05 07:46:10.305887,London,
USER_0020,IMPOSSIBLE_TRAVEL,90,HIGH,2026-06-05 23:48:49.304121,Sydney,
USER_0020,IMPOSSIBLE_TRAVEL,90,HIGH,2026-06-10 21:46:40.309692,Sydney,
USER_0020,IMPOSSIBLE_TRAVEL,90,HIGH,2026-06-11 16:42:47.306026,Toronto,
USER_0021,IMPOSSIBLE_TRAVEL,90,HIGH,2026-03-31 19:01:15.315258,Singapore,
USER_0021,IMPOSSIBLE_TRAVEL,90,HIGH,2026-03-31 21:41:54.311109,Mumbai,
USER_0021,IMPOSSIBLE_TRAVEL,90,HIGH,2026-04-08 17:21:40.314432,New York,
USER_0021,IMPOSSIBLE_TRAVEL,90,HIGH,2026-04-08 17:36:58.330918,Mumbai,
USER_0021,IMPOSSIBLE_TRAVEL,90,HIGH,2026-04-09 12:21:41.329635,New York,
USER_0021,IMPOSSIBLE_TRAVEL,90,HIGH,2026-04-10 17:56:21.331062,New York,
USER_0021,IMPOSSIBLE_TRAVEL,90,HIGH,2026-04-11 16:01:23.332333,Mumbai,
USER_0021,IMPOSSIBLE_TRAVEL,90,HIGH,2026-04-24 14:53:59.312936,Mumbai,
USER_0021,IMPOSSIBLE_TRAVEL,90,HIGH,2026-04-25 12:41:50.331626,Paris,
USER_0021,IMPOSSIBLE_TRAVEL,90,HIGH,2026-04-26 23:42:49.327571,Mumbai,
USER_0021,IMPOSSIBLE_TRAVEL,90,HIGH,2026-05-04 14:41:01.314037,New York,
USER_0021,IMPOSSIBLE_TRAVEL,90,HIGH,2026-05-05 06:03:32.328403,Mumbai,
USER_0021,IMPOSSIBLE_TRAVEL,90,HIGH,2026-05-06 22:29:45.326490,Singapore,
USER_0021,IMPOSSIBLE_TRAVEL,90,HIGH,2026-05-07 20:58:17.332469,Los Angeles,
USER_0021,IMPOSSIBLE_TRAVEL,90,HIGH,2026-05-08 13:43:29.311530,Mumbai,
USER_0021,IMPOSSIBLE_TRAVEL,90,HIGH,2026-05-09 20:54:42.314582,New York,
USER_0021,IMPOSSIBLE_TRAVEL,90,HIGH,2026-05-10 20:01:42.326205,Mumbai,
USER_0021,IMPOSSIBLE_TRAVEL,90,HIGH,2026-05-11 12:22:54.312511,Singapore,
USER_0021,IMPOSSIBLE_TRAVEL,90,HIGH,2026-05-11 15:45:58.310418,Mumbai,
USER_0021,IMPOSSIBLE_TRAVEL,90,HIGH,2026-05-23 06:39:36.315528,Mumbai,
USER_0021,IMPOSSIBLE_TRAVEL,90,HIGH,2026-05-27 11:06:27.327990,Los Angeles,
USER_0021,IMPOSSIBLE_TRAVEL,90,HIGH,2026-05-27 11:09:47.330632,Mumbai,
USER_0021,IMPOSSIBLE_TRAVEL,90,HIGH,2026-05-27 21:19:10.330091,Singapore,
USER_0021,IMPOSSIBLE_TRAVEL,90,HIGH,2026-05-28 11:12:22.329412,Mumbai,
USER_0021,IMPOSSIBLE_TRAVEL,90,HIGH,2026-05-28 23:07:25.326753,London,
USER_0021,IMPOSSIBLE_TRAVEL,90,HIGH,2026-05-31 16:05:44.313341,Paris,
USER_0021,IMPOSSIBLE_TRAVEL,90,HIGH,2026-06-04 09:16:27.313478,Los Angeles,
USER_0021,IMPOSSIBLE_TRAVEL,90,HIGH,2026-06-14 16:08:46.314855,Singapore,
USER_0021,IMPOSSIBLE_TRAVEL,90,HIGH,2026-06-20 06:37:07.310838,Mumbai,
USER_0021,IMPOSSIBLE_TRAVEL,90,HIGH,2026-06-20 10:51:27.331485,Tokyo,
USER_0022,IMPOSSIBLE_TRAVEL,90,HIGH,2026-03-29 15:11:01.351840,London,
USER_0022,IMPOSSIBLE_TRAVEL,90,HIGH,2026-03-29 23:24:51.357266,New York,
USER_0022,IMPOSSIBLE_TRAVEL,90,HIGH,2026-04-05 16:23:00.349461,Paris,
USER_0022,IMPOSSIBLE_TRAVEL,90,HIGH,2026-04-06 14:41:31.353505,New York,
USER_0022,IMPOSSIBLE_TRAVEL,90,HIGH,2026-04-07 11:13:16.350077,Singapore,
USER_0022,IMPOSSIBLE_TRAVEL,90,HIGH,2026-04-07 11:43:21.354243,New York,
USER_0022,IMPOSSIBLE_TRAVEL,90,HIGH,2026-04-08 10:14:25.351408,Dubai,
USER_0022,IMPOSSIBLE_TRAVEL,90,HIGH,2026-04-12 14:50:01.350221,Sydney,
USER_0022,IMPOSSIBLE_TRAVEL,90,HIGH,2026-04-16 15:02:12.357638,New York,
USER_0022,IMPOSSIBLE_TRAVEL,90,HIGH,2026-04-17 08:16:26.350948,Sydney,
USER_0022,IMPOSSIBLE_TRAVEL,90,HIGH,2026-04-17 11:40:31.348380,New York,
USER_0022,IMPOSSIBLE_TRAVEL,90,HIGH,2026-05-18 07:16:41.351710,Tokyo,
USER_0022,IMPOSSIBLE_TRAVEL,90,HIGH,2026-05-18 08:51:07.357750,New York,
USER_0022,IMPOSSIBLE_TRAVEL,90,HIGH,2026-05-27 09:43:11.334496,Toronto,
USER_0022,IMPOSSIBLE_TRAVEL,90,HIGH,2026-06-01 22:51:47.355792,Tokyo,
USER_0022,IMPOSSIBLE_TRAVEL,90,HIGH,2026-06-02 10:47:45.351545,New York,
USER_0022,IMPOSSIBLE_TRAVEL,90,HIGH,2026-06-04 20:14:28.352763,Tokyo,
USER_0022,IMPOSSIBLE_TRAVEL,90,HIGH,2026-06-04 20:24:39.350366,New York,
USER_0022,IMPOSSIBLE_TRAVEL,90,HIGH,2026-06-06 18:42:13.352109,Paris,
USER_0024,IMPOSSIBLE_TRAVEL,90,HIGH,2026-04-04 13:11:11.372869,Los Angeles,
USER_0024,IMPOSSIBLE_TRAVEL,90,HIGH,2026-04-04 23:51:33.379590,Mumbai,
USER_0024,IMPOSSIBLE_TRAVEL,90,HIGH,2026-04-08 20:21:50.371683,Paris,
USER_0024,IMPOSSIBLE_TRAVEL,90,HIGH,2026-04-11 07:20:17.367390,Paris,
USER_0024,IMPOSSIBLE_TRAVEL,90,HIGH,2026-04-18 15:48:27.367685,Dubai,
USER_0024,IMPOSSIBLE_TRAVEL,90,HIGH,2026-04-18 21:47:48.375830,Mumbai,
USER_0024,IMPOSSIBLE_TRAVEL,90,HIGH,2026-04-19 06:18:37.372737,London,
USER_0024,IMPOSSIBLE_TRAVEL,90,HIGH,2026-04-20 18:58:36.373834,Los Angeles,
USER_0024,IMPOSSIBLE_TRAVEL,90,HIGH,2026-05-01 14:42:09.375140,Paris,
USER_0024,IMPOSSIBLE_TRAVEL,90,HIGH,2026-05-11 18:51:34.371542,London,
USER_0024,IMPOSSIBLE_TRAVEL,90,HIGH,2026-05-12 16:36:49.369794,Mumbai,
USER_0024,IMPOSSIBLE_TRAVEL,90,HIGH,2026-05-17 09:44:06.370828,Sydney,
USER_0024,IMPOSSIBLE_TRAVEL,90,HIGH,2026-05-17 13:58:08.376105,Mumbai,
USER_0024,IMPOSSIBLE_TRAVEL,90,HIGH,2026-05-21 09:40:03.376529,Mumbai,
USER_0024,IMPOSSIBLE_TRAVEL,90,HIGH,2026-05-22 23:27:22.376671,Los Angeles,
USER_0024,IMPOSSIBLE_TRAVEL,90,HIGH,2026-05-23 06:06:09.377248,Mumbai,
USER_0024,IMPOSSIBLE_TRAVEL,90,HIGH,2026-05-28 22:36:40.374295,Los Angeles,
USER_0024,IMPOSSIBLE_TRAVEL,90,HIGH,2026-05-31 07:18:47.380117,Sydney,
USER_0024,IMPOSSIBLE_TRAVEL,90,HIGH,2026-06-01 12:45:23.379379,Sydney,
USER_0024,IMPOSSIBLE_TRAVEL,90,HIGH,2026-06-02 06:54:33.371952,Mumbai,
USER_0024,IMPOSSIBLE_TRAVEL,90,HIGH,2026-06-03 18:49:32.367990,Dubai,
USER_0024,IMPOSSIBLE_TRAVEL,90,HIGH,2026-06-04 08:18:53.372350,Mumbai,
USER_0025,IMPOSSIBLE_TRAVEL,90,HIGH,2026-04-18 08:02:14.393388,Paris,
USER_0025,IMPOSSIBLE_TRAVEL,90,HIGH,2026-04-22 16:39:40.383538,Sydney,
USER_0025,IMPOSSIBLE_TRAVEL,90,HIGH,2026-04-28 10:37:10.384587,Sydney,
USER_0025,IMPOSSIBLE_TRAVEL,90,HIGH,2026-04-28 21:33:53.387474,Los Angeles,
USER_0025,IMPOSSIBLE_TRAVEL,90,HIGH,2026-05-16 10:41:12.384863,Singapore,
USER_0025,IMPOSSIBLE_TRAVEL,90,HIGH,2026-05-16 20:26:06.384993,Los Angeles,
USER_0025,IMPOSSIBLE_TRAVEL,90,HIGH,2026-05-20 06:12:20.388508,Tokyo,
USER_0025,IMPOSSIBLE_TRAVEL,90,HIGH,2026-05-20 20:51:08.380981,Dubai,
USER_0025,IMPOSSIBLE_TRAVEL,90,HIGH,2026-05-26 18:26:57.388367,Tokyo,
USER_0025,IMPOSSIBLE_TRAVEL,90,HIGH,2026-06-04 14:48:29.394045,Los Angeles,
USER_0025,IMPOSSIBLE_TRAVEL,90,HIGH,2026-06-15 20:13:39.384457,Los Angeles,
USER_0025,IMPOSSIBLE_TRAVEL,90,HIGH,2026-06-16 19:29:08.381546,Tokyo,
USER_0025,IMPOSSIBLE_TRAVEL,90,HIGH,2026-06-16 22:17:10.382105,London,
USER_0026,IMPOSSIBLE_TRAVEL,90,HIGH,2026-03-24 17:32:49.407496,Mumbai,
USER_0026,IMPOSSIBLE_TRAVEL,90,HIGH,2026-03-25 16:49:28.398239,New York,
USER_0026,IMPOSSIBLE_TRAVEL,90,HIGH,2026-03-29 19:49:22.408182,Singapore,
USER_0026,IMPOSSIBLE_TRAVEL,90,HIGH,2026-03-29 21:48:47.396250,New York,
USER_0026,IMPOSSIBLE_TRAVEL,90,HIGH,2026-04-12 07:05:00.405069,Dubai,
USER_0026,IMPOSSIBLE_TRAVEL,90,HIGH,2026-05-02 20:14:55.406127,Mumbai,
USER_0026,IMPOSSIBLE_TRAVEL,90,HIGH,2026-05-03 13:41:44.403729,New York,
USER_0026,IMPOSSIBLE_TRAVEL,90,HIGH,2026-05-03 20:29:22.399207,Mumbai,
USER_0026,IMPOSSIBLE_TRAVEL,90,HIGH,2026-05-04 12:23:34.398517,New York,
USER_0026,IMPOSSIBLE_TRAVEL,90,HIGH,2026-05-06 15:30:02.395965,Mumbai,
USER_0026,IMPOSSIBLE_TRAVEL,90,HIGH,2026-05-12 14:35:38.405365,Sydney,
USER_0026,IMPOSSIBLE_TRAVEL,90,HIGH,2026-05-12 20:09:23.408906,New York,
USER_0026,IMPOSSIBLE_TRAVEL,90,HIGH,2026-05-14 17:44:06.394589,Singapore,
USER_0026,IMPOSSIBLE_TRAVEL,90,HIGH,2026-05-14 21:22:44.399346,New York,
USER_0026,IMPOSSIBLE_TRAVEL,90,HIGH,2026-06-07 12:11:27.398941,Paris,
USER_0026,IMPOSSIBLE_TRAVEL,90,HIGH,2026-06-08 11:00:01.394304,New York,
USER_0026,IMPOSSIBLE_TRAVEL,90,HIGH,2026-06-09 16:13:20.403431,New York,
USER_0026,IMPOSSIBLE_TRAVEL,90,HIGH,2026-06-10 22:41:00.408323,New York,
USER_0026,IMPOSSIBLE_TRAVEL,90,HIGH,2026-06-17 06:24:42.396104,Singapore,
USER_0026,IMPOSSIBLE_TRAVEL,90,HIGH,2026-06-17 20:53:16.401966,New York,
USER_0027,IMPOSSIBLE_TRAVEL,90,HIGH,2026-04-05 08:24:31.428640,Tokyo,
USER_0027,IMPOSSIBLE_TRAVEL,90,HIGH,2026-04-27 18:14:16.410342,Tokyo,
USER_0027,IMPOSSIBLE_TRAVEL,90,HIGH,2026-04-27 19:53:29.426712,Singapore,
USER_0027,IMPOSSIBLE_TRAVEL,90,HIGH,2026-05-03 14:49:24.428299,New York,
USER_0027,IMPOSSIBLE_TRAVEL,90,HIGH,2026-05-04 23:14:29.427082,Singapore,
USER_0027,IMPOSSIBLE_TRAVEL,90,HIGH,2026-05-23 07:34:06.429105,London,
USER_0027,IMPOSSIBLE_TRAVEL,90,HIGH,2026-06-18 16:01:39.409275,Dubai,
USER_0028,IMPOSSIBLE_TRAVEL,90,HIGH,2026-04-07 07:52:08.433266,London,
USER_0028,IMPOSSIBLE_TRAVEL,90,HIGH,2026-04-07 21:30:58.431326,Sydney,
USER_0028,IMPOSSIBLE_TRAVEL,90,HIGH,2026-04-14 14:24:52.433991,London,
USER_0028,IMPOSSIBLE_TRAVEL,90,HIGH,2026-04-21 18:01:08.431882,New York,
USER_0028,IMPOSSIBLE_TRAVEL,90,HIGH,2026-05-03 08:09:54.436101,Sydney,
USER_0028,IMPOSSIBLE_TRAVEL,90,HIGH,2026-05-27 11:47:41.435323,Sydney,
USER_0028,IMPOSSIBLE_TRAVEL,90,HIGH,2026-05-29 18:16:44.430617,Sydney,
USER_0028,IMPOSSIBLE_TRAVEL,90,HIGH,2026-06-01 06:33:07.435954,Sydney,
USER_0028,IMPOSSIBLE_TRAVEL,90,HIGH,2026-06-04 19:53:01.436675,Sydney,
USER_0029,IMPOSSIBLE_TRAVEL,90,HIGH,2026-03-28 13:21:19.456812,Los Angeles,
USER_0029,IMPOSSIBLE_TRAVEL,90,HIGH,2026-03-28 17:09:09.439974,Paris,
USER_0029,IMPOSSIBLE_TRAVEL,90,HIGH,2026-03-29 22:26:33.456445,Singapore,
USER_0029,IMPOSSIBLE_TRAVEL,90,HIGH,2026-03-30 20:25:02.441907,Paris,
USER_0029,IMPOSSIBLE_TRAVEL,90,HIGH,2026-04-02 07:18:07.442046,New York,
USER_0029,IMPOSSIBLE_TRAVEL,90,HIGH,2026-04-03 06:47:52.448371,Paris,
USER_0029,IMPOSSIBLE_TRAVEL,90,HIGH,2026-04-23 14:51:09.454591,Los Angeles,
USER_0029,IMPOSSIBLE_TRAVEL,90,HIGH,2026-04-23 22:16:52.455813,Toronto,
USER_0029,IMPOSSIBLE_TRAVEL,90,HIGH,2026-04-23 22:44:18.458052,Paris,
USER_0029,IMPOSSIBLE_TRAVEL,90,HIGH,2026-05-04 07:47:13.460885,Paris,
USER_0029,IMPOSSIBLE_TRAVEL,90,HIGH,2026-05-11 08:28:22.442326,Mumbai,
USER_0029,IMPOSSIBLE_TRAVEL,90,HIGH,2026-05-11 17:42:13.457056,Paris,
USER_0029,IMPOSSIBLE_TRAVEL,90,HIGH,2026-05-12 16:11:37.455942,Los Angeles,
USER_0029,IMPOSSIBLE_TRAVEL,90,HIGH,2026-05-12 16:13:09.454725,Paris,
USER_0029,IMPOSSIBLE_TRAVEL,90,HIGH,2026-05-14 07:34:54.440777,Tokyo,
USER_0029,IMPOSSIBLE_TRAVEL,90,HIGH,2026-05-14 11:05:44.456189,Paris,
USER_0029,IMPOSSIBLE_TRAVEL,90,HIGH,2026-05-23 17:59:56.458173,Los Angeles,
USER_0029,IMPOSSIBLE_TRAVEL,90,HIGH,2026-05-23 20:09:28.442871,Paris,
USER_0029,IMPOSSIBLE_TRAVEL,90,HIGH,2026-06-08 12:45:48.455331,Paris,
USER_0029,IMPOSSIBLE_TRAVEL,90,HIGH,2026-06-11 11:44:18.460400,Paris,
USER_0029,IMPOSSIBLE_TRAVEL,90,HIGH,2026-06-20 10:06:36.441339,Paris,
USER_0029,IMPOSSIBLE_TRAVEL,90,HIGH,2026-06-20 12:53:52.442601,New York,
USER_0029,IMPOSSIBLE_TRAVEL,90,HIGH,2026-06-20 17:40:08.439819,Paris,
USER_0030,IMPOSSIBLE_TRAVEL,90,HIGH,2026-03-24 18:16:26.461946,Paris,
USER_0030,IMPOSSIBLE_TRAVEL,90,HIGH,2026-03-27 17:10:39.470087,Paris,
USER_0030,IMPOSSIBLE_TRAVEL,90,HIGH,2026-04-05 13:11:12.470403,Sydney,
USER_0030,IMPOSSIBLE_TRAVEL,90,HIGH,2026-04-21 07:21:33.464044,Sydney,
USER_0030,IMPOSSIBLE_TRAVEL,90,HIGH,2026-04-21 11:09:12.469940,Mumbai,
USER_0030,IMPOSSIBLE_TRAVEL,90,HIGH,2026-04-21 18:06:37.462991,Paris,
USER_0030,IMPOSSIBLE_TRAVEL,90,HIGH,2026-04-21 19:55:46.464449,Sydney,
USER_0030,IMPOSSIBLE_TRAVEL,90,HIGH,2026-04-22 19:39:02.471981,Los Angeles,
USER_0030,IMPOSSIBLE_TRAVEL,90,HIGH,2026-04-22 20:36:35.466838,Paris,
USER_0030,IMPOSSIBLE_TRAVEL,90,HIGH,2026-05-04 16:18:09.461685,Toronto,
USER_0030,IMPOSSIBLE_TRAVEL,90,HIGH,2026-05-05 06:41:08.468697,Paris,
USER_0030,IMPOSSIBLE_TRAVEL,90,HIGH,2026-05-06 11:51:58.475843,Tokyo,
USER_0030,IMPOSSIBLE_TRAVEL,90,HIGH,2026-05-07 07:26:24.463916,Singapore,
USER_0030,IMPOSSIBLE_TRAVEL,90,HIGH,2026-05-07 13:46:08.470882,Paris,
USER_0030,IMPOSSIBLE_TRAVEL,90,HIGH,2026-05-15 15:40:37.464581,Los Angeles,
USER_0030,IMPOSSIBLE_TRAVEL,90,HIGH,2026-05-16 07:30:40.471126,Paris,
USER_0030,IMPOSSIBLE_TRAVEL,90,HIGH,2026-05-16 16:09:01.465811,Mumbai,
USER_0030,IMPOSSIBLE_TRAVEL,90,HIGH,2026-05-19 09:33:30.465969,Dubai,
USER_0030,IMPOSSIBLE_TRAVEL,90,HIGH,2026-05-20 08:06:24.470979,Paris,
USER_0030,IMPOSSIBLE_TRAVEL,90,HIGH,2026-05-23 14:40:36.463781,Dubai,
USER_0030,IMPOSSIBLE_TRAVEL,90,HIGH,2026-05-23 15:45:59.476725,Paris,
USER_0030,IMPOSSIBLE_TRAVEL,90,HIGH,2026-05-24 17:26:08.469797,Los Angeles,
USER_0030,IMPOSSIBLE_TRAVEL,90,HIGH,2026-05-28 11:24:52.477005,Sydney,
USER_0030,IMPOSSIBLE_TRAVEL,90,HIGH,2026-05-28 18:30:46.467249,Toronto,
USER_0030,IMPOSSIBLE_TRAVEL,90,HIGH,2026-05-29 11:15:01.461253,Paris,
USER_0030,IMPOSSIBLE_TRAVEL,90,HIGH,2026-06-11 06:48:57.471415,Mumbai,
USER_0030,IMPOSSIBLE_TRAVEL,90,HIGH,2026-06-11 20:13:54.467662,Paris,
USER_0030,IMPOSSIBLE_TRAVEL,90,HIGH,2026-06-21 16:04:04.466699,Paris,
USER_0031,IMPOSSIBLE_TRAVEL,90,HIGH,2026-03-27 18:47:54.484224,New York,
USER_0031,IMPOSSIBLE_TRAVEL,90,HIGH,2026-03-28 15:02:09.490138,Dubai,
USER_0031,IMPOSSIBLE_TRAVEL,90,HIGH,2026-04-09 07:55:13.477898,Singapore,
USER_0031,IMPOSSIBLE_TRAVEL,90,HIGH,2026-04-12 22:10:27.490472,Mumbai,
USER_0031,IMPOSSIBLE_TRAVEL,90,HIGH,2026-04-13 13:45:15.485301,Dubai,
USER_0031,IMPOSSIBLE_TRAVEL,90,HIGH,2026-04-17 23:15:18.484692,Dubai,
USER_0031,IMPOSSIBLE_TRAVEL,90,HIGH,2026-04-27 12:40:55.480058,Singapore,
USER_0031,IMPOSSIBLE_TRAVEL,90,HIGH,2026-05-05 09:29:13.490247,Singapore,
USER_0031,IMPOSSIBLE_TRAVEL,90,HIGH,2026-05-09 07:24:38.483343,Sydney,
USER_0031,IMPOSSIBLE_TRAVEL,90,HIGH,2026-05-09 12:44:24.480565,Dubai,
USER_0031,IMPOSSIBLE_TRAVEL,90,HIGH,2026-05-18 19:02:22.478562,Dubai,
USER_0031,IMPOSSIBLE_TRAVEL,90,HIGH,2026-05-29 16:45:28.490029,Dubai,
USER_0031,IMPOSSIBLE_TRAVEL,90,HIGH,2026-06-10 22:22:21.478949,Los Angeles,
USER_0031,IMPOSSIBLE_TRAVEL,90,HIGH,2026-06-11 13:44:57.479223,London,
USER_0031,IMPOSSIBLE_TRAVEL,90,HIGH,2026-06-13 20:37:32.479086,Sydney,
USER_0031,IMPOSSIBLE_TRAVEL,90,HIGH,2026-06-21 23:10:44.485442,Singapore,
USER_0031,IMPOSSIBLE_TRAVEL,90,HIGH,2026-06-22 08:27:37.480928,Dubai,
USER_0032,IMPOSSIBLE_TRAVEL,90,HIGH,2026-03-24 07:50:43.492031,Paris,
USER_0032,IMPOSSIBLE_TRAVEL,90,HIGH,2026-03-27 06:57:09.501241,Sydney,
USER_0032,IMPOSSIBLE_TRAVEL,90,HIGH,2026-04-19 16:22:04.491737,Dubai,
USER_0032,IMPOSSIBLE_TRAVEL,90,HIGH,2026-04-20 11:22:29.499006,Tokyo,
USER_0032,IMPOSSIBLE_TRAVEL,90,HIGH,2026-04-20 18:18:37.500912,Mumbai,
USER_0032,IMPOSSIBLE_TRAVEL,90,HIGH,2026-04-21 16:55:23.491606,Tokyo,
USER_0032,IMPOSSIBLE_TRAVEL,90,HIGH,2026-04-22 19:04:51.492178,London,
USER_0032,IMPOSSIBLE_TRAVEL,90,HIGH,2026-05-01 15:10:25.497572,Sydney,
USER_0032,IMPOSSIBLE_TRAVEL,90,HIGH,2026-05-03 22:51:06.497009,New York,
USER_0032,IMPOSSIBLE_TRAVEL,90,HIGH,2026-05-04 10:23:35.498874,Tokyo,
USER_0032,IMPOSSIBLE_TRAVEL,90,HIGH,2026-05-06 23:08:53.494466,Tokyo,
USER_0032,IMPOSSIBLE_TRAVEL,90,HIGH,2026-05-13 07:39:02.501126,New York,
USER_0032,IMPOSSIBLE_TRAVEL,90,HIGH,2026-05-13 22:59:46.497427,Tokyo,
USER_0032,IMPOSSIBLE_TRAVEL,90,HIGH,2026-05-25 16:55:01.496866,Los Angeles,
USER_0032,IMPOSSIBLE_TRAVEL,90,HIGH,2026-05-30 14:53:13.497728,Tokyo,
USER_0032,IMPOSSIBLE_TRAVEL,90,HIGH,2026-05-31 17:45:25.492440,Sydney,
USER_0032,IMPOSSIBLE_TRAVEL,90,HIGH,2026-06-07 16:52:00.499292,New York,
USER_0032,IMPOSSIBLE_TRAVEL,90,HIGH,2026-06-08 07:03:46.501021,Tokyo,
USER_0032,IMPOSSIBLE_TRAVEL,90,HIGH,2026-06-10 21:17:54.494309,Tokyo,
USER_0032,IMPOSSIBLE_TRAVEL,90,HIGH,2026-06-13 13:23:51.498724,Mumbai,
USER_0032,IMPOSSIBLE_TRAVEL,90,HIGH,2026-06-14 06:50:06.500482,Dubai,
USER_0033,IMPOSSIBLE_TRAVEL,90,HIGH,2026-03-28 17:59:31.519340,Mumbai,
USER_0033,IMPOSSIBLE_TRAVEL,90,HIGH,2026-03-30 14:09:44.508347,London,
USER_0033,IMPOSSIBLE_TRAVEL,90,HIGH,2026-03-30 17:38:01.506722,New York,
USER_0033,IMPOSSIBLE_TRAVEL,90,HIGH,2026-03-31 11:57:28.518041,Mumbai,
USER_0033,IMPOSSIBLE_TRAVEL,90,HIGH,2026-04-15 19:08:53.520979,Sydney,
USER_0033,IMPOSSIBLE_TRAVEL,90,HIGH,2026-04-16 16:00:42.520846,Mumbai,
USER_0033,IMPOSSIBLE_TRAVEL,90,HIGH,2026-04-21 10:56:38.521693,Los Angeles,
USER_0033,IMPOSSIBLE_TRAVEL,90,HIGH,2026-05-02 06:55:46.504665,Mumbai,
USER_0033,IMPOSSIBLE_TRAVEL,90,HIGH,2026-05-15 16:05:21.505999,Paris,
USER_0033,IMPOSSIBLE_TRAVEL,90,HIGH,2026-05-15 18:23:56.518476,Mumbai,
USER_0033,IMPOSSIBLE_TRAVEL,90,HIGH,2026-05-31 10:14:51.506583,New York,
USER_0033,IMPOSSIBLE_TRAVEL,90,HIGH,2026-05-31 21:18:37.517896,Mumbai,
USER_0033,IMPOSSIBLE_TRAVEL,90,HIGH,2026-06-05 14:23:43.515958,Toronto,
USER_0033,IMPOSSIBLE_TRAVEL,90,HIGH,2026-06-08 06:29:23.521501,Sydney,
USER_0033,IMPOSSIBLE_TRAVEL,90,HIGH,2026-06-08 21:58:05.530171,Mumbai,
USER_0033,IMPOSSIBLE_TRAVEL,90,HIGH,2026-06-09 06:19:06.508877,Sydney,
USER_0033,IMPOSSIBLE_TRAVEL,90,HIGH,2026-06-09 09:47:15.510767,Paris,
USER_0033,IMPOSSIBLE_TRAVEL,90,HIGH,2026-06-09 13:56:46.515772,Mumbai,
USER_0033,IMPOSSIBLE_TRAVEL,90,HIGH,2026-06-10 17:14:16.507463,London,
USER_0033,IMPOSSIBLE_TRAVEL,90,HIGH,2026-06-10 21:36:31.506927,Los Angeles,
USER_0033,IMPOSSIBLE_TRAVEL,90,HIGH,2026-06-18 16:41:04.530320,Los Angeles,
USER_0033,IMPOSSIBLE_TRAVEL,90,HIGH,2026-06-18 21:08:58.519478,Mumbai,
USER_0033,IMPOSSIBLE_TRAVEL,90,HIGH,2026-06-22 08:55:03.517394,Toronto,
USER_0033,IMPOSSIBLE_TRAVEL,90,HIGH,2026-06-22 18:33:18.516950,Mumbai,
USER_0034,IMPOSSIBLE_TRAVEL,90,HIGH,2026-04-01 09:42:38.531936,London,
USER_0034,IMPOSSIBLE_TRAVEL,90,HIGH,2026-05-25 17:45:35.544951,Mumbai,
USER_0034,IMPOSSIBLE_TRAVEL,90,HIGH,2026-05-26 09:44:16.531800,London,
USER_0034,IMPOSSIBLE_TRAVEL,90,HIGH,2026-05-26 13:59:44.534427,Toronto,
USER_0034,IMPOSSIBLE_TRAVEL,90,HIGH,2026-05-27 21:09:29.531246,London,
USER_0034,IMPOSSIBLE_TRAVEL,90,HIGH,2026-05-28 08:58:31.544548,Singapore,
USER_0034,IMPOSSIBLE_TRAVEL,90,HIGH,2026-05-28 14:30:30.545369,Toronto,
USER_0034,IMPOSSIBLE_TRAVEL,90,HIGH,2026-06-03 19:39:25.545232,Toronto,
USER_0034,IMPOSSIBLE_TRAVEL,90,HIGH,2026-06-07 18:42:20.544283,Paris,
USER_0034,IMPOSSIBLE_TRAVEL,90,HIGH,2026-06-08 07:30:54.533035,Toronto,
USER_0034,IMPOSSIBLE_TRAVEL,90,HIGH,2026-06-08 12:19:16.533306,Paris,
USER_0034,IMPOSSIBLE_TRAVEL,90,HIGH,2026-06-11 09:55:51.532072,Paris,
USER_0035,IMPOSSIBLE_TRAVEL,90,HIGH,2026-03-26 11:36:17.552120,Los Angeles,
USER_0035,IMPOSSIBLE_TRAVEL,90,HIGH,2026-03-27 06:39:33.551735,New York,
USER_0035,IMPOSSIBLE_TRAVEL,90,HIGH,2026-04-07 16:35:01.571355,Los Angeles,
USER_0035,IMPOSSIBLE_TRAVEL,90,HIGH,2026-04-07 16:46:49.570115,New York,
USER_0035,IMPOSSIBLE_TRAVEL,90,HIGH,2026-04-18 16:06:05.567493,Tokyo,
USER_0035,IMPOSSIBLE_TRAVEL,90,HIGH,2026-04-19 09:35:57.568224,New York,
USER_0035,IMPOSSIBLE_TRAVEL,90,HIGH,2026-04-20 06:56:35.573592,Sydney,
USER_0035,IMPOSSIBLE_TRAVEL,90,HIGH,2026-04-20 08:48:21.554939,New York,
USER_0035,IMPOSSIBLE_TRAVEL,90,HIGH,2026-04-26 16:01:10.570227,New York,
USER_0035,IMPOSSIBLE_TRAVEL,90,HIGH,2026-05-09 15:09:47.569379,London,
USER_0035,IMPOSSIBLE_TRAVEL,90,HIGH,2026-05-09 15:49:49.570004,New York,
USER_0035,IMPOSSIBLE_TRAVEL,90,HIGH,2026-05-21 19:54:42.571637,Sydney,
USER_0035,IMPOSSIBLE_TRAVEL,90,HIGH,2026-05-22 16:17:31.566906,New York,
USER_0035,IMPOSSIBLE_TRAVEL,90,HIGH,2026-05-25 09:39:22.553817,Sydney,
USER_0035,IMPOSSIBLE_TRAVEL,90,HIGH,2026-05-30 07:34:25.549114,London,
USER_0035,IMPOSSIBLE_TRAVEL,90,HIGH,2026-05-30 23:36:57.550889,New York,
USER_0035,IMPOSSIBLE_TRAVEL,90,HIGH,2026-05-31 23:52:46.568840,Singapore,
USER_0035,IMPOSSIBLE_TRAVEL,90,HIGH,2026-06-01 16:32:54.571499,New York,
USER_0035,IMPOSSIBLE_TRAVEL,90,HIGH,2026-06-03 09:44:39.572959,Tokyo,
USER_0035,IMPOSSIBLE_TRAVEL,90,HIGH,2026-06-13 11:02:00.569888,Mumbai,
USER_0035,IMPOSSIBLE_TRAVEL,90,HIGH,2026-06-18 19:15:34.546989,Los Angeles,
USER_0035,IMPOSSIBLE_TRAVEL,90,HIGH,2026-06-19 10:42:23.551187,New York,
USER_0036,IMPOSSIBLE_TRAVEL,90,HIGH,2026-04-08 06:02:33.590024,Los Angeles,
USER_0036,IMPOSSIBLE_TRAVEL,90,HIGH,2026-04-12 23:19:31.576756,Tokyo,
USER_0036,IMPOSSIBLE_TRAVEL,90,HIGH,2026-04-13 07:49:31.574327,Los Angeles,
USER_0036,IMPOSSIBLE_TRAVEL,90,HIGH,2026-04-14 11:19:30.576468,Dubai,
USER_0036,IMPOSSIBLE_TRAVEL,90,HIGH,2026-04-22 16:40:17.576615,Singapore,
USER_0036,IMPOSSIBLE_TRAVEL,90,HIGH,2026-04-28 06:40:29.577033,Toronto,
USER_0036,IMPOSSIBLE_TRAVEL,90,HIGH,2026-04-28 10:20:21.577450,Los Angeles,
USER_0036,IMPOSSIBLE_TRAVEL,90,HIGH,2026-04-28 13:01:12.589187,Toronto,
USER_0036,IMPOSSIBLE_TRAVEL,90,HIGH,2026-04-28 20:35:09.576895,Los Angeles,
USER_0036,IMPOSSIBLE_TRAVEL,90,HIGH,2026-05-01 20:41:45.580374,Singapore,
USER_0036,IMPOSSIBLE_TRAVEL,90,HIGH,2026-05-02 09:01:09.576186,Dubai,
USER_0036,IMPOSSIBLE_TRAVEL,90,HIGH,2026-05-20 21:33:26.580091,Los Angeles,
USER_0036,IMPOSSIBLE_TRAVEL,90,HIGH,2026-06-01 10:04:41.579360,Los Angeles,
USER_0036,IMPOSSIBLE_TRAVEL,90,HIGH,2026-06-05 08:31:30.589605,New York,
USER_0036,IMPOSSIBLE_TRAVEL,90,HIGH,2026-06-05 17:14:59.575763,Los Angeles,
USER_0036,IMPOSSIBLE_TRAVEL,90,HIGH,2026-06-05 21:05:28.575343,Paris,
USER_0036,IMPOSSIBLE_TRAVEL,90,HIGH,2026-06-06 16:21:09.575619,Los Angeles,
USER_0036,IMPOSSIBLE_TRAVEL,90,HIGH,2026-06-18 09:04:50.587957,Los Angeles,
USER_0037,IMPOSSIBLE_TRAVEL,90,HIGH,2026-03-26 16:36:23.591897,Mumbai,
USER_0037,IMPOSSIBLE_TRAVEL,90,HIGH,2026-03-26 19:13:42.603888,Los Angeles,
USER_0037,IMPOSSIBLE_TRAVEL,90,HIGH,2026-04-02 18:23:01.605964,Los Angeles,
USER_0037,IMPOSSIBLE_TRAVEL,90,HIGH,2026-04-03 15:17:17.604905,Singapore,
USER_0037,IMPOSSIBLE_TRAVEL,90,HIGH,2026-04-03 23:26:08.603237,Paris,
USER_0037,IMPOSSIBLE_TRAVEL,90,HIGH,2026-04-04 06:55:36.608834,Toronto,
USER_0037,IMPOSSIBLE_TRAVEL,90,HIGH,2026-04-05 20:52:43.607972,Mumbai,
USER_0037,IMPOSSIBLE_TRAVEL,90,HIGH,2026-04-11 18:39:23.608529,Paris,
USER_0037,IMPOSSIBLE_TRAVEL,90,HIGH,2026-04-12 10:23:26.592606,Sydney,
USER_0037,IMPOSSIBLE_TRAVEL,90,HIGH,2026-04-17 14:04:52.592323,Sydney,
USER_0037,IMPOSSIBLE_TRAVEL,90,HIGH,2026-04-21 13:52:16.594313,Mumbai,
USER_0037,IMPOSSIBLE_TRAVEL,90,HIGH,2026-04-25 14:05:13.594029,Mumbai,
USER_0037,IMPOSSIBLE_TRAVEL,90,HIGH,2026-04-26 07:42:04.605360,Los Angeles,
USER_0037,IMPOSSIBLE_TRAVEL,90,HIGH,2026-04-27 06:41:22.609258,Sydney,
USER_0037,IMPOSSIBLE_TRAVEL,90,HIGH,2026-05-01 11:27:14.608255,Sydney,
USER_0037,IMPOSSIBLE_TRAVEL,90,HIGH,2026-05-04 07:18:06.593596,Tokyo,
USER_0037,IMPOSSIBLE_TRAVEL,90,HIGH,2026-05-04 17:14:10.592749,Sydney,
USER_0037,IMPOSSIBLE_TRAVEL,90,HIGH,2026-05-25 21:49:29.594700,Sydney,
USER_0037,IMPOSSIBLE_TRAVEL,90,HIGH,2026-06-02 12:58:22.607240,Paris,
USER_0037,IMPOSSIBLE_TRAVEL,90,HIGH,2026-06-02 22:38:44.593743,Sydney,
USER_0038,IMPOSSIBLE_TRAVEL,90,HIGH,2026-03-25 12:10:56.647387,Paris,
USER_0038,IMPOSSIBLE_TRAVEL,90,HIGH,2026-03-27 12:01:54.610147,London,
USER_0038,IMPOSSIBLE_TRAVEL,90,HIGH,2026-03-27 20:51:53.647094,Dubai,
USER_0038,IMPOSSIBLE_TRAVEL,90,HIGH,2026-03-28 06:28:49.612123,Los Angeles,
USER_0038,IMPOSSIBLE_TRAVEL,90,HIGH,2026-03-28 21:29:54.614816,Dubai,
USER_0038,IMPOSSIBLE_TRAVEL,90,HIGH,2026-04-03 21:43:29.614193,Toronto,
USER_0038,IMPOSSIBLE_TRAVEL,90,HIGH,2026-04-04 09:36:42.648790,Dubai,
USER_0038,IMPOSSIBLE_TRAVEL,90,HIGH,2026-04-11 07:21:01.611971,Sydney,
USER_0038,IMPOSSIBLE_TRAVEL,90,HIGH,2026-04-13 06:21:09.613769,Los Angeles,
USER_0038,IMPOSSIBLE_TRAVEL,90,HIGH,2026-04-13 07:50:10.640603,Dubai,
USER_0038,IMPOSSIBLE_TRAVEL,90,HIGH,2026-04-23 13:59:11.641627,Singapore,
USER_0038,IMPOSSIBLE_TRAVEL,90,HIGH,2026-04-30 09:05:22.649093,Sydney,
USER_0038,IMPOSSIBLE_TRAVEL,90,HIGH,2026-05-05 12:42:37.611045,New York,
USER_0038,IMPOSSIBLE_TRAVEL,90,HIGH,2026-05-05 21:04:32.646230,Dubai,
USER_0038,IMPOSSIBLE_TRAVEL,90,HIGH,2026-05-05 23:43:26.613629,Paris,
USER_0038,IMPOSSIBLE_TRAVEL,90,HIGH,2026-05-09 12:20:17.642610,Dubai,
USER_0038,IMPOSSIBLE_TRAVEL,90,HIGH,2026-05-09 18:35:20.615583,Mumbai,
USER_0038,IMPOSSIBLE_TRAVEL,90,HIGH,2026-05-10 09:39:55.645770,Dubai,
USER_0038,IMPOSSIBLE_TRAVEL,90,HIGH,2026-05-18 16:17:11.647673,Dubai,
USER_0038,IMPOSSIBLE_TRAVEL,90,HIGH,2026-05-22 23:09:00.642042,Mumbai,
USER_0038,IMPOSSIBLE_TRAVEL,90,HIGH,2026-05-25 12:09:06.613475,Sydney,
USER_0038,IMPOSSIBLE_TRAVEL,90,HIGH,2026-05-26 11:15:01.648955,Dubai,
USER_0038,IMPOSSIBLE_TRAVEL,90,HIGH,2026-06-02 22:22:39.645313,Sydney,
USER_0038,IMPOSSIBLE_TRAVEL,90,HIGH,2026-06-05 08:33:10.647964,London,
USER_0038,IMPOSSIBLE_TRAVEL,90,HIGH,2026-06-05 23:06:02.645875,Dubai,
USER_0038,IMPOSSIBLE_TRAVEL,90,HIGH,2026-06-07 12:35:01.648649,Mumbai,
USER_0038,IMPOSSIBLE_TRAVEL,90,HIGH,2026-06-15 21:43:44.612417,Dubai,
USER_0038,IMPOSSIBLE_TRAVEL,90,HIGH,2026-06-20 15:30:19.648386,Dubai,
USER_0038,IMPOSSIBLE_TRAVEL,90,HIGH,2026-06-22 08:47:05.642170,Paris,
USER_0039,IMPOSSIBLE_TRAVEL,90,HIGH,2026-03-30 07:02:59.654420,Los Angeles,
USER_0039,IMPOSSIBLE_TRAVEL,90,HIGH,2026-04-18 10:49:23.650098,Los Angeles,
USER_0039,IMPOSSIBLE_TRAVEL,90,HIGH,2026-04-20 18:46:45.672587,Singapore,
USER_0039,IMPOSSIBLE_TRAVEL,90,HIGH,2026-04-20 23:50:29.653996,Tokyo,
USER_0039,IMPOSSIBLE_TRAVEL,90,HIGH,2026-04-25 08:18:07.673556,Los Angeles,
USER_0039,IMPOSSIBLE_TRAVEL,90,HIGH,2026-04-27 19:03:32.670101,Sydney,
USER_0039,IMPOSSIBLE_TRAVEL,90,HIGH,2026-04-29 20:30:05.655504,Dubai,
USER_0039,IMPOSSIBLE_TRAVEL,90,HIGH,2026-04-29 20:56:25.655227,Los Angeles,
USER_0039,IMPOSSIBLE_TRAVEL,90,HIGH,2026-05-09 19:18:40.671071,Los Angeles,
USER_0039,IMPOSSIBLE_TRAVEL,90,HIGH,2026-05-13 14:33:20.653312,Los Angeles,
USER_0039,IMPOSSIBLE_TRAVEL,90,HIGH,2026-05-20 16:14:51.671523,Toronto,
USER_0039,IMPOSSIBLE_TRAVEL,90,HIGH,2026-05-23 12:33:36.673781,Los Angeles,
USER_0039,IMPOSSIBLE_TRAVEL,90,HIGH,2026-06-07 19:21:10.671226,Los Angeles,
USER_0039,IMPOSSIBLE_TRAVEL,90,HIGH,2026-06-10 07:25:03.650248,Tokyo,
USER_0039,IMPOSSIBLE_TRAVEL,90,HIGH,2026-06-11 20:49:40.674123,Singapore,
USER_0039,IMPOSSIBLE_TRAVEL,90,HIGH,2026-06-14 15:01:30.655364,Tokyo,
USER_0039,IMPOSSIBLE_TRAVEL,90,HIGH,2026-06-14 23:42:41.671380,Los Angeles,
USER_0040,IMPOSSIBLE_TRAVEL,90,HIGH,2026-04-01 18:27:06.678662,Sydney,
USER_0040,IMPOSSIBLE_TRAVEL,90,HIGH,2026-04-02 15:46:45.675957,Paris,
USER_0040,IMPOSSIBLE_TRAVEL,90,HIGH,2026-05-09 11:11:45.678815,Toronto,
USER_0040,IMPOSSIBLE_TRAVEL,90,HIGH,2026-05-10 09:11:06.675226,Singapore,
USER_0041,IMPOSSIBLE_TRAVEL,90,HIGH,2026-03-29 17:01:03.726441,Sydney,
USER_0041,IMPOSSIBLE_TRAVEL,90,HIGH,2026-03-29 22:03:55.685487,Paris,
USER_0041,IMPOSSIBLE_TRAVEL,90,HIGH,2026-04-06 11:53:09.682363,Sydney,
USER_0041,IMPOSSIBLE_TRAVEL,90,HIGH,2026-04-07 10:08:25.680247,Paris,
USER_0041,IMPOSSIBLE_TRAVEL,90,HIGH,2026-04-17 20:05:57.683258,Paris,
USER_0041,IMPOSSIBLE_TRAVEL,90,HIGH,2026-04-18 13:20:42.727357,Toronto,
USER_0041,IMPOSSIBLE_TRAVEL,90,HIGH,2026-04-18 16:46:33.680964,Tokyo,
USER_0041,IMPOSSIBLE_TRAVEL,90,HIGH,2026-04-19 09:27:12.684953,Los Angeles,
USER_0041,IMPOSSIBLE_TRAVEL,90,HIGH,2026-05-20 16:17:18.685885,Mumbai,
USER_0041,IMPOSSIBLE_TRAVEL,90,HIGH,2026-05-20 19:23:54.729838,Dubai,
USER_0041,IMPOSSIBLE_TRAVEL,90,HIGH,2026-05-29 14:28:33.684671,Dubai,
USER_0041,IMPOSSIBLE_TRAVEL,90,HIGH,2026-05-29 19:09:04.683021,Paris,
USER_0041,IMPOSSIBLE_TRAVEL,90,HIGH,2026-06-10 08:43:39.681222,London,
USER_0041,IMPOSSIBLE_TRAVEL,90,HIGH,2026-06-11 15:59:47.728462,Mumbai,
USER_0041,IMPOSSIBLE_TRAVEL,90,HIGH,2026-06-11 18:00:19.684284,Los Angeles,
USER_0042,IMPOSSIBLE_TRAVEL,90,HIGH,2026-03-31 23:40:36.732175,Dubai,
USER_0042,IMPOSSIBLE_TRAVEL,90,HIGH,2026-04-01 18:50:35.734057,Paris,
USER_0042,IMPOSSIBLE_TRAVEL,90,HIGH,2026-04-07 17:39:49.732723,New York,
USER_0042,IMPOSSIBLE_TRAVEL,90,HIGH,2026-05-01 11:23:23.733530,Paris,
USER_0042,IMPOSSIBLE_TRAVEL,90,HIGH,2026-05-14 06:28:25.733921,Toronto,
USER_0042,IMPOSSIBLE_TRAVEL,90,HIGH,2026-06-22 19:00:27.730948,Los Angeles,
USER_0043,IMPOSSIBLE_TRAVEL,90,HIGH,2026-03-29 22:21:29.742171,Mumbai,
USER_0043,IMPOSSIBLE_TRAVEL,90,HIGH,2026-03-30 13:59:08.742636,Dubai,
USER_0043,IMPOSSIBLE_TRAVEL,90,HIGH,2026-04-03 06:24:25.743112,Toronto,
USER_0043,IMPOSSIBLE_TRAVEL,90,HIGH,2026-04-07 10:02:31.740507,London,
USER_0043,IMPOSSIBLE_TRAVEL,90,HIGH,2026-04-17 09:55:22.749094,Dubai,
USER_0043,IMPOSSIBLE_TRAVEL,90,HIGH,2026-04-21 10:25:00.748686,Dubai,
USER_0043,IMPOSSIBLE_TRAVEL,90,HIGH,2026-05-19 08:20:08.740819,Tokyo,
USER_0043,IMPOSSIBLE_TRAVEL,90,HIGH,2026-05-20 07:01:11.745195,Dubai,
USER_0043,IMPOSSIBLE_TRAVEL,90,HIGH,2026-05-24 10:09:05.747238,Sydney,
USER_0043,IMPOSSIBLE_TRAVEL,90,HIGH,2026-05-24 19:18:29.739015,Singapore,
USER_0043,IMPOSSIBLE_TRAVEL,90,HIGH,2026-05-24 20:22:54.747977,Dubai,
USER_0043,IMPOSSIBLE_TRAVEL,90,HIGH,2026-05-27 12:11:14.737017,Sydney,
USER_0043,IMPOSSIBLE_TRAVEL,90,HIGH,2026-05-27 12:30:28.745774,Dubai,
USER_0043,IMPOSSIBLE_TRAVEL,90,HIGH,2026-05-28 08:19:02.745052,Toronto,
USER_0043,IMPOSSIBLE_TRAVEL,90,HIGH,2026-05-28 20:59:51.741730,Dubai,
USER_0043,IMPOSSIBLE_TRAVEL,90,HIGH,2026-06-04 14:58:05.744324,London,
USER_0043,IMPOSSIBLE_TRAVEL,90,HIGH,2026-06-04 16:03:32.746060,Dubai,
USER_0043,IMPOSSIBLE_TRAVEL,90,HIGH,2026-06-07 21:21:22.741871,Dubai,
USER_0043,IMPOSSIBLE_TRAVEL,90,HIGH,2026-06-08 06:27:31.743567,Sydney,
USER_0043,IMPOSSIBLE_TRAVEL,90,HIGH,2026-06-09 13:52:37.740666,Dubai,
USER_0043,IMPOSSIBLE_TRAVEL,90,HIGH,2026-06-11 10:56:19.746886,Dubai,
USER_0043,IMPOSSIBLE_TRAVEL,90,HIGH,2026-06-13 22:56:34.745478,Dubai,
USER_0044,IMPOSSIBLE_TRAVEL,90,HIGH,2026-03-28 18:48:43.756363,Los Angeles,
USER_0044,IMPOSSIBLE_TRAVEL,90,HIGH,2026-03-30 18:39:41.811092,Tokyo,
USER_0044,IMPOSSIBLE_TRAVEL,90,HIGH,2026-03-30 20:30:34.808477,Sydney,
USER_0044,IMPOSSIBLE_TRAVEL,90,HIGH,2026-04-03 15:45:03.756799,Tokyo,
USER_0044,IMPOSSIBLE_TRAVEL,90,HIGH,2026-04-06 10:31:08.753055,Dubai,
USER_0044,IMPOSSIBLE_TRAVEL,90,HIGH,2026-04-06 15:26:57.810661,Tokyo,
USER_0044,IMPOSSIBLE_TRAVEL,90,HIGH,2026-04-06 19:08:56.751880,London,
USER_0044,IMPOSSIBLE_TRAVEL,90,HIGH,2026-04-06 20:53:42.758828,Tokyo,
USER_0044,IMPOSSIBLE_TRAVEL,90,HIGH,2026-04-16 13:53:11.753825,Toronto,
USER_0044,IMPOSSIBLE_TRAVEL,90,HIGH,2026-04-16 14:24:25.751585,Tokyo,
USER_0044,IMPOSSIBLE_TRAVEL,90,HIGH,2026-04-16 23:26:36.813249,Los Angeles,
USER_0044,IMPOSSIBLE_TRAVEL,90,HIGH,2026-04-17 10:26:00.811811,Tokyo,
USER_0044,IMPOSSIBLE_TRAVEL,90,HIGH,2026-04-17 11:52:21.756075,Los Angeles,
USER_0044,IMPOSSIBLE_TRAVEL,90,HIGH,2026-04-17 14:45:21.811657,Tokyo,
USER_0044,IMPOSSIBLE_TRAVEL,90,HIGH,2026-04-19 13:28:26.812826,Tokyo,
USER_0044,IMPOSSIBLE_TRAVEL,90,HIGH,2026-05-04 09:08:18.756223,Tokyo,
USER_0044,IMPOSSIBLE_TRAVEL,90,HIGH,2026-05-06 15:14:36.813390,Paris,
USER_0044,IMPOSSIBLE_TRAVEL,90,HIGH,2026-05-07 11:15:08.755460,New York,
USER_0044,IMPOSSIBLE_TRAVEL,90,HIGH,2026-05-14 09:39:47.750212,Tokyo,
USER_0044,IMPOSSIBLE_TRAVEL,90,HIGH,2026-05-14 21:19:40.812952,Sydney,
USER_0044,IMPOSSIBLE_TRAVEL,90,HIGH,2026-05-29 13:17:19.809240,Los Angeles,
USER_0044,IMPOSSIBLE_TRAVEL,90,HIGH,2026-06-07 15:39:41.752172,Tokyo,
USER_0044,IMPOSSIBLE_TRAVEL,90,HIGH,2026-06-08 06:58:02.810065,Mumbai,
USER_0044,IMPOSSIBLE_TRAVEL,90,HIGH,2026-06-08 19:40:44.808658,Tokyo,
USER_0044,IMPOSSIBLE_TRAVEL,90,HIGH,2026-06-10 07:27:54.753531,Paris,
USER_0044,IMPOSSIBLE_TRAVEL,90,HIGH,2026-06-10 10:25:24.756507,Tokyo,
USER_0044,IMPOSSIBLE_TRAVEL,90,HIGH,2026-06-15 07:11:25.758252,Tokyo,
USER_0044,IMPOSSIBLE_TRAVEL,90,HIGH,2026-06-19 06:30:25.757090,Dubai,
USER_0044,IMPOSSIBLE_TRAVEL,90,HIGH,2026-06-19 11:05:36.750515,Tokyo,
USER_0044,IMPOSSIBLE_TRAVEL,90,HIGH,2026-06-20 22:35:30.750348,Los Angeles,
USER_0044,IMPOSSIBLE_TRAVEL,90,HIGH,2026-06-21 07:41:58.752743,Tokyo,
USER_0044,IMPOSSIBLE_TRAVEL,90,HIGH,2026-06-22 23:55:52.755599,New York,
USER_0045,IMPOSSIBLE_TRAVEL,90,HIGH,2026-03-27 14:47:53.816769,Los Angeles,
USER_0045,IMPOSSIBLE_TRAVEL,90,HIGH,2026-04-19 12:54:03.814726,Paris,
USER_0045,IMPOSSIBLE_TRAVEL,90,HIGH,2026-05-04 18:58:25.815016,Paris,
USER_0045,IMPOSSIBLE_TRAVEL,90,HIGH,2026-05-08 13:22:20.814871,Toronto,
USER_0045,IMPOSSIBLE_TRAVEL,90,HIGH,2026-05-08 20:47:10.817338,Paris,
USER_0045,IMPOSSIBLE_TRAVEL,90,HIGH,2026-05-09 12:09:53.817883,Los Angeles,
USER_0046,IMPOSSIBLE_TRAVEL,90,HIGH,2026-04-15 21:54:49.823426,Singapore,
USER_0047,IMPOSSIBLE_TRAVEL,90,HIGH,2026-04-20 08:26:03.825974,Toronto,
USER_0047,IMPOSSIBLE_TRAVEL,90,HIGH,2026-05-20 09:54:36.823805,Sydney,
USER_0047,IMPOSSIBLE_TRAVEL,90,HIGH,2026-05-20 12:49:48.824350,Los Angeles,
USER_0048,IMPOSSIBLE_TRAVEL,90,HIGH,2026-03-29 21:49:07.827613,Dubai,
USER_0048,IMPOSSIBLE_TRAVEL,90,HIGH,2026-04-20 06:12:00.828313,Sydney,
USER_0050,IMPOSSIBLE_TRAVEL,90,HIGH,2026-05-03 12:36:11.838591,Toronto,
USER_0050,IMPOSSIBLE_TRAVEL,90,HIGH,2026-06-18 23:57:43.836967,New York,
USER_0051,IMPOSSIBLE_TRAVEL,90,HIGH,2026-04-12 17:45:14.885834,London,
USER_0051,IMPOSSIBLE_TRAVEL,90,HIGH,2026-04-16 13:48:43.894291,Los Angeles,
USER_0051,IMPOSSIBLE_TRAVEL,90,HIGH,2026-04-17 09:05:34.890558,Toronto,
USER_0051,IMPOSSIBLE_TRAVEL,90,HIGH,2026-04-17 13:28:19.839904,Mumbai,
USER_0051,IMPOSSIBLE_TRAVEL,90,HIGH,2026-04-17 15:24:59.887668,Toronto,
USER_0051,IMPOSSIBLE_TRAVEL,90,HIGH,2026-04-30 12:56:52.893399,Toronto,
USER_0051,IMPOSSIBLE_TRAVEL,90,HIGH,2026-05-05 23:56:41.884538,Toronto,
USER_0051,IMPOSSIBLE_TRAVEL,90,HIGH,2026-05-07 13:31:26.893509,Mumbai,
USER_0051,IMPOSSIBLE_TRAVEL,90,HIGH,2026-05-07 20:25:43.890140,Toronto,
USER_0051,IMPOSSIBLE_TRAVEL,90,HIGH,2026-05-20 11:01:41.894179,Singapore,
USER_0051,IMPOSSIBLE_TRAVEL,90,HIGH,2026-05-20 16:11:56.885142,Toronto,
USER_0051,IMPOSSIBLE_TRAVEL,90,HIGH,2026-05-26 19:14:45.890005,Los Angeles,
USER_0051,IMPOSSIBLE_TRAVEL,90,HIGH,2026-05-27 08:33:36.886105,Toronto,
USER_0051,IMPOSSIBLE_TRAVEL,90,HIGH,2026-06-07 14:33:26.839748,Toronto,
USER_0051,IMPOSSIBLE_TRAVEL,90,HIGH,2026-06-10 14:09:36.894070,Toronto,
USER_0051,IMPOSSIBLE_TRAVEL,90,HIGH,2026-06-13 12:13:22.892541,Paris,
USER_0051,IMPOSSIBLE_TRAVEL,90,HIGH,2026-06-15 17:21:53.891663,Los Angeles,
USER_0051,IMPOSSIBLE_TRAVEL,90,HIGH,2026-06-16 10:14:52.893245,Toronto,
USER_0051,IMPOSSIBLE_TRAVEL,90,HIGH,2026-06-16 21:07:03.885281,Sydney,
USER_0051,IMPOSSIBLE_TRAVEL,90,HIGH,2026-06-17 12:52:53.892105,Los Angeles,
USER_0051,IMPOSSIBLE_TRAVEL,90,HIGH,2026-06-18 06:44:16.885569,Toronto,
USER_0051,IMPOSSIBLE_TRAVEL,90,HIGH,2026-06-20 06:58:25.887482,Toronto,
USER_0052,IMPOSSIBLE_TRAVEL,90,HIGH,2026-05-25 17:45:35.899637,New York,
USER_0052,IMPOSSIBLE_TRAVEL,90,HIGH,2026-05-26 10:55:24.898577,Paris,
USER_0052,IMPOSSIBLE_TRAVEL,90,HIGH,2026-05-26 22:44:47.895148,Singapore,
USER_0052,IMPOSSIBLE_TRAVEL,90,HIGH,2026-05-26 23:59:02.899374,Sydney,
USER_0052,IMPOSSIBLE_TRAVEL,90,HIGH,2026-05-27 10:20:37.897773,Paris,
USER_0053,IMPOSSIBLE_TRAVEL,90,HIGH,2026-03-25 16:07:48.907370,Singapore,
USER_0053,IMPOSSIBLE_TRAVEL,90,HIGH,2026-03-28 10:22:44.908775,New York,
USER_0053,IMPOSSIBLE_TRAVEL,90,HIGH,2026-03-29 06:07:40.902100,Singapore,
USER_0053,IMPOSSIBLE_TRAVEL,90,HIGH,2026-04-14 13:40:00.901155,New York,
USER_0053,IMPOSSIBLE_TRAVEL,90,HIGH,2026-04-20 18:14:29.910188,Toronto,
USER_0053,IMPOSSIBLE_TRAVEL,90,HIGH,2026-04-20 22:28:55.907642,Singapore,
USER_0053,IMPOSSIBLE_TRAVEL,90,HIGH,2026-04-22 19:47:45.901289,Singapore,
USER_0053,IMPOSSIBLE_TRAVEL,90,HIGH,2026-04-27 13:47:22.909365,New York,
USER_0053,IMPOSSIBLE_TRAVEL,90,HIGH,2026-06-01 23:04:00.908197,Mumbai,
USER_0053,IMPOSSIBLE_TRAVEL,90,HIGH,2026-06-17 19:44:56.909515,Singapore,
USER_0053,IMPOSSIBLE_TRAVEL,90,HIGH,2026-06-19 20:01:44.901424,Sydney,
USER_0053,IMPOSSIBLE_TRAVEL,90,HIGH,2026-06-20 15:09:48.907503,Singapore,
USER_0054,IMPOSSIBLE_TRAVEL,90,HIGH,2026-04-08 15:16:18.915129,Tokyo,
USER_0054,IMPOSSIBLE_TRAVEL,90,HIGH,2026-04-09 11:06:25.964842,Sydney,
USER_0054,IMPOSSIBLE_TRAVEL,90,HIGH,2026-04-11 13:55:54.915871,Toronto,
USER_0054,IMPOSSIBLE_TRAVEL,90,HIGH,2026-04-11 23:32:57.964954,Los Angeles,
USER_0054,IMPOSSIBLE_TRAVEL,90,HIGH,2026-04-12 10:18:49.918193,Tokyo,
USER_0054,IMPOSSIBLE_TRAVEL,90,HIGH,2026-04-16 18:33:30.912879,Sydney,
USER_0054,IMPOSSIBLE_TRAVEL,90,HIGH,2026-04-20 12:39:30.918338,Tokyo,
USER_0054,IMPOSSIBLE_TRAVEL,90,HIGH,2026-04-25 22:04:20.965979,New York,
USER_0054,IMPOSSIBLE_TRAVEL,90,HIGH,2026-04-27 06:51:56.917212,Tokyo,
USER_0054,IMPOSSIBLE_TRAVEL,90,HIGH,2026-04-27 23:29:07.964520,Paris,
USER_0054,IMPOSSIBLE_TRAVEL,90,HIGH,2026-04-28 21:04:25.965485,Tokyo,
USER_0054,IMPOSSIBLE_TRAVEL,90,HIGH,2026-05-01 20:03:01.913471,Sydney,
USER_0054,IMPOSSIBLE_TRAVEL,90,HIGH,2026-05-10 07:15:15.913918,Sydney,
USER_0054,IMPOSSIBLE_TRAVEL,90,HIGH,2026-05-11 23:32:04.965063,Tokyo,
USER_0054,IMPOSSIBLE_TRAVEL,90,HIGH,2026-05-15 21:22:23.918482,Dubai,
USER_0054,IMPOSSIBLE_TRAVEL,90,HIGH,2026-05-16 08:58:26.912591,Los Angeles,
USER_0054,IMPOSSIBLE_TRAVEL,90,HIGH,2026-05-22 08:03:50.963326,Tokyo,
USER_0054,IMPOSSIBLE_TRAVEL,90,HIGH,2026-05-24 21:36:56.964736,Tokyo,
USER_0054,IMPOSSIBLE_TRAVEL,90,HIGH,2026-05-25 12:52:42.913614,Dubai,
USER_0054,IMPOSSIBLE_TRAVEL,90,HIGH,2026-06-02 19:36:26.914669,Tokyo,
USER_0054,IMPOSSIBLE_TRAVEL,90,HIGH,2026-06-02 23:15:26.911726,Mumbai,
USER_0054,IMPOSSIBLE_TRAVEL,90,HIGH,2026-06-03 08:03:54.964412,Tokyo,
USER_0054,IMPOSSIBLE_TRAVEL,90,HIGH,2026-06-12 13:24:51.912735,Tokyo,
USER_0054,IMPOSSIBLE_TRAVEL,90,HIGH,2026-06-15 17:01:51.964260,New York,
USER_0054,IMPOSSIBLE_TRAVEL,90,HIGH,2026-06-15 21:45:02.918634,Tokyo,
USER_0054,IMPOSSIBLE_TRAVEL,90,HIGH,2026-06-16 09:01:12.916482,Sydney,
USER_0054,IMPOSSIBLE_TRAVEL,90,HIGH,2026-06-19 13:44:01.911317,Tokyo,
USER_0055,IMPOSSIBLE_TRAVEL,90,HIGH,2026-03-28 19:06:35.979999,Mumbai,
USER_0055,IMPOSSIBLE_TRAVEL,90,HIGH,2026-03-29 06:59:06.967748,Sydney,
USER_0055,IMPOSSIBLE_TRAVEL,90,HIGH,2026-03-31 14:40:59.981239,New York,
USER_0055,IMPOSSIBLE_TRAVEL,90,HIGH,2026-04-02 23:00:58.973867,Los Angeles,
USER_0055,IMPOSSIBLE_TRAVEL,90,HIGH,2026-04-03 10:13:01.978890,London,
USER_0055,IMPOSSIBLE_TRAVEL,90,HIGH,2026-04-10 09:18:28.981090,Los Angeles,
USER_0055,IMPOSSIBLE_TRAVEL,90,HIGH,2026-04-17 06:57:48.976206,Sydney,
USER_0055,IMPOSSIBLE_TRAVEL,90,HIGH,2026-04-24 10:58:16.979009,Sydney,
USER_0055,IMPOSSIBLE_TRAVEL,90,HIGH,2026-04-24 18:59:56.968606,Los Angeles,
USER_0055,IMPOSSIBLE_TRAVEL,90,HIGH,2026-05-07 18:05:57.978121,Toronto,
USER_0055,IMPOSSIBLE_TRAVEL,90,HIGH,2026-05-08 13:16:37.975641,Los Angeles,
USER_0055,IMPOSSIBLE_TRAVEL,90,HIGH,2026-05-14 13:57:44.980633,Toronto,
USER_0055,IMPOSSIBLE_TRAVEL,90,HIGH,2026-05-15 11:48:04.975212,Los Angeles,
USER_0055,IMPOSSIBLE_TRAVEL,90,HIGH,2026-05-15 16:36:11.968314,Singapore,
USER_0055,IMPOSSIBLE_TRAVEL,90,HIGH,2026-05-16 10:55:08.967589,Los Angeles,
USER_0055,IMPOSSIBLE_TRAVEL,90,HIGH,2026-05-19 06:19:35.974757,London,
USER_0055,IMPOSSIBLE_TRAVEL,90,HIGH,2026-05-19 09:27:15.973265,Los Angeles,
USER_0055,IMPOSSIBLE_TRAVEL,90,HIGH,2026-05-20 13:32:17.976646,Singapore,
USER_0055,IMPOSSIBLE_TRAVEL,90,HIGH,2026-05-20 20:09:32.972232,Dubai,
USER_0055,IMPOSSIBLE_TRAVEL,90,HIGH,2026-05-27 08:55:05.968030,London,
USER_0055,IMPOSSIBLE_TRAVEL,90,HIGH,2026-05-27 19:40:41.979439,Los Angeles,
USER_0055,IMPOSSIBLE_TRAVEL,90,HIGH,2026-05-28 20:15:57.966614,Toronto,
USER_0055,IMPOSSIBLE_TRAVEL,90,HIGH,2026-05-29 16:02:41.972374,Los Angeles,
USER_0055,IMPOSSIBLE_TRAVEL,90,HIGH,2026-05-30 10:00:06.976063,Mumbai,
USER_0055,IMPOSSIBLE_TRAVEL,90,HIGH,2026-05-31 09:17:07.980320,Los Angeles,
USER_0055,IMPOSSIBLE_TRAVEL,90,HIGH,2026-06-02 15:24:12.971006,Sydney,
USER_0055,IMPOSSIBLE_TRAVEL,90,HIGH,2026-06-02 23:05:15.978765,Los Angeles,
USER_0055,IMPOSSIBLE_TRAVEL,90,HIGH,2026-06-10 06:46:20.971169,Tokyo,
USER_0055,IMPOSSIBLE_TRAVEL,90,HIGH,2026-06-10 09:29:46.974010,Los Angeles,
USER_0055,IMPOSSIBLE_TRAVEL,90,HIGH,2026-06-12 12:46:50.972808,Los Angeles,
USER_0055,IMPOSSIBLE_TRAVEL,90,HIGH,2026-06-14 13:21:16.977498,London,
USER_0055,IMPOSSIBLE_TRAVEL,90,HIGH,2026-06-14 15:57:58.980794,Los Angeles,
USER_0055,IMPOSSIBLE_TRAVEL,90,HIGH,2026-06-21 23:33:01.966895,Mumbai,
USER_0056,IMPOSSIBLE_TRAVEL,90,HIGH,2026-03-31 11:26:55.990872,Singapore,
USER_0056,IMPOSSIBLE_TRAVEL,90,HIGH,2026-04-01 07:43:14.993935,Tokyo,
USER_0056,IMPOSSIBLE_TRAVEL,90,HIGH,2026-04-05 09:26:39.992723,New York,
USER_0056,IMPOSSIBLE_TRAVEL,90,HIGH,2026-04-05 21:02:19.982389,Tokyo,
USER_0056,IMPOSSIBLE_TRAVEL,90,HIGH,2026-04-10 12:30:25.984513,New York,
USER_0056,IMPOSSIBLE_TRAVEL,90,HIGH,2026-04-10 19:32:35.988990,Tokyo,
USER_0056,IMPOSSIBLE_TRAVEL,90,HIGH,2026-04-11 06:10:08.994864,Paris,
USER_0056,IMPOSSIBLE_TRAVEL,90,HIGH,2026-04-11 20:47:50.991012,Tokyo,
USER_0056,IMPOSSIBLE_TRAVEL,90,HIGH,2026-04-12 16:22:39.986049,Mumbai,
USER_0056,IMPOSSIBLE_TRAVEL,90,HIGH,2026-04-12 17:15:05.990323,Tokyo,
USER_0056,IMPOSSIBLE_TRAVEL,90,HIGH,2026-04-13 23:56:31.990188,Sydney,
USER_0056,IMPOSSIBLE_TRAVEL,90,HIGH,2026-04-14 13:21:26.987417,Tokyo,
USER_0056,IMPOSSIBLE_TRAVEL,90,HIGH,2026-04-26 19:46:17.991557,Tokyo,
USER_0056,IMPOSSIBLE_TRAVEL,90,HIGH,2026-05-10 07:08:19.984039,Tokyo,
USER_0056,IMPOSSIBLE_TRAVEL,90,HIGH,2026-05-12 14:16:46.983582,Tokyo,
USER_0056,IMPOSSIBLE_TRAVEL,90,HIGH,2026-05-21 08:45:50.985447,Tokyo,
USER_0056,IMPOSSIBLE_TRAVEL,90,HIGH,2026-05-26 06:49:40.988336,Tokyo,
USER_0056,IMPOSSIBLE_TRAVEL,90,HIGH,2026-05-26 21:18:57.993125,Singapore,
USER_0056,IMPOSSIBLE_TRAVEL,90,HIGH,2026-05-27 13:13:50.992182,Tokyo,
USER_0056,IMPOSSIBLE_TRAVEL,90,HIGH,2026-05-31 19:40:18.993394,Tokyo,
USER_0056,IMPOSSIBLE_TRAVEL,90,HIGH,2026-06-03 06:47:09.985294,Sydney,
USER_0056,IMPOSSIBLE_TRAVEL,90,HIGH,2026-06-04 16:41:27.987285,Sydney,
USER_0056,IMPOSSIBLE_TRAVEL,90,HIGH,2026-06-05 13:28:18.986893,Tokyo,
USER_0056,IMPOSSIBLE_TRAVEL,90,HIGH,2026-06-06 20:48:40.986445,New York,
USER_0056,IMPOSSIBLE_TRAVEL,90,HIGH,2026-06-14 22:15:31.990735,Los Angeles,
USER_0056,IMPOSSIBLE_TRAVEL,90,HIGH,2026-06-15 07:10:45.991147,Tokyo,
USER_0056,IMPOSSIBLE_TRAVEL,90,HIGH,2026-06-21 12:12:33.995257,Tokyo,
USER_0056,IMPOSSIBLE_TRAVEL,90,HIGH,2026-06-21 20:42:24.987946,Los Angeles,
USER_0057,IMPOSSIBLE_TRAVEL,90,HIGH,2026-03-31 09:21:17.059163,Toronto,
USER_0057,IMPOSSIBLE_TRAVEL,90,HIGH,2026-03-31 15:26:37.062847,Tokyo,
USER_0057,IMPOSSIBLE_TRAVEL,90,HIGH,2026-04-06 23:09:22.059003,Toronto,
USER_0057,IMPOSSIBLE_TRAVEL,90,HIGH,2026-04-07 08:16:09.060365,Sydney,
USER_0057,IMPOSSIBLE_TRAVEL,90,HIGH,2026-04-07 13:58:20.996179,Mumbai,
USER_0057,IMPOSSIBLE_TRAVEL,90,HIGH,2026-04-08 18:18:36.999745,Mumbai,
USER_0057,IMPOSSIBLE_TRAVEL,90,HIGH,2026-04-09 11:26:36.060961,New York,
USER_0057,IMPOSSIBLE_TRAVEL,90,HIGH,2026-04-11 16:36:22.058824,Paris,
USER_0057,IMPOSSIBLE_TRAVEL,90,HIGH,2026-04-12 07:25:26.059310,Mumbai,
USER_0057,IMPOSSIBLE_TRAVEL,90,HIGH,2026-04-12 13:04:42.059446,Singapore,
USER_0057,IMPOSSIBLE_TRAVEL,90,HIGH,2026-04-13 12:48:17.059941,Mumbai,
USER_0057,IMPOSSIBLE_TRAVEL,90,HIGH,2026-04-13 18:15:36.996035,Singapore,
USER_0057,IMPOSSIBLE_TRAVEL,90,HIGH,2026-04-17 08:07:14.063417,Mumbai,
USER_0057,IMPOSSIBLE_TRAVEL,90,HIGH,2026-04-17 08:45:14.998702,Dubai,
USER_0057,IMPOSSIBLE_TRAVEL,90,HIGH,2026-04-21 13:51:47.063561,Mumbai,
USER_0057,IMPOSSIBLE_TRAVEL,90,HIGH,2026-04-26 18:49:38.997632,Mumbai,
USER_0057,IMPOSSIBLE_TRAVEL,90,HIGH,2026-04-28 11:30:05.995613,London,
USER_0057,IMPOSSIBLE_TRAVEL,90,HIGH,2026-05-03 13:39:52.059763,Mumbai,
USER_0057,IMPOSSIBLE_TRAVEL,90,HIGH,2026-05-27 19:59:23.997366,Mumbai,
USER_0057,IMPOSSIBLE_TRAVEL,90,HIGH,2026-06-07 23:35:08.002106,Mumbai,
USER_0057,IMPOSSIBLE_TRAVEL,90,HIGH,2026-06-08 11:23:11.998426,Singapore,
USER_0057,IMPOSSIBLE_TRAVEL,90,HIGH,2026-06-08 19:36:18.001966,Mumbai,
USER_0057,IMPOSSIBLE_TRAVEL,90,HIGH,2026-06-11 15:36:57.000452,Mumbai,
USER_0058,IMPOSSIBLE_TRAVEL,90,HIGH,2026-06-21 21:07:26.066788,Tokyo,
USER_0059,IMPOSSIBLE_TRAVEL,90,HIGH,2026-04-04 13:35:20.070981,Mumbai,
USER_0059,IMPOSSIBLE_TRAVEL,90,HIGH,2026-04-21 21:19:35.076310,New York,
USER_0059,IMPOSSIBLE_TRAVEL,90,HIGH,2026-05-10 20:13:20.071158,Tokyo,
USER_0059,IMPOSSIBLE_TRAVEL,90,HIGH,2026-05-11 18:48:45.073946,Mumbai,
USER_0059,IMPOSSIBLE_TRAVEL,90,HIGH,2026-05-13 11:26:50.077803,Sydney,
USER_0059,IMPOSSIBLE_TRAVEL,90,HIGH,2026-05-13 12:25:59.068830,Paris,
USER_0059,IMPOSSIBLE_TRAVEL,90,HIGH,2026-05-15 14:00:56.068225,Dubai,
USER_0059,IMPOSSIBLE_TRAVEL,90,HIGH,2026-05-16 21:00:32.076915,Toronto,
USER_0059,IMPOSSIBLE_TRAVEL,90,HIGH,2026-05-19 08:34:01.076474,Mumbai,
USER_0059,IMPOSSIBLE_TRAVEL,90,HIGH,2026-06-03 15:49:46.067929,London,
USER_0059,IMPOSSIBLE_TRAVEL,90,HIGH,2026-06-04 20:42:39.067329,Mumbai,
USER_0059,IMPOSSIBLE_TRAVEL,90,HIGH,2026-06-15 17:38:18.073210,Mumbai,
USER_0059,IMPOSSIBLE_TRAVEL,90,HIGH,2026-06-20 11:35:57.067465,New York,
USER_0060,IMPOSSIBLE_TRAVEL,90,HIGH,2026-04-23 08:18:58.082152,Toronto,
USER_0060,IMPOSSIBLE_TRAVEL,90,HIGH,2026-04-23 09:12:49.081419,Tokyo,
USER_0060,IMPOSSIBLE_TRAVEL,90,HIGH,2026-04-23 10:56:41.082700,New York,
USER_0060,IMPOSSIBLE_TRAVEL,90,HIGH,2026-06-02 16:25:50.083118,Tokyo,
USER_0060,IMPOSSIBLE_TRAVEL,90,HIGH,2026-06-02 18:31:31.078276,Mumbai,
USER_0060,IMPOSSIBLE_TRAVEL,90,HIGH,2026-06-16 14:52:58.078422,Singapore,
USER_0060,IMPOSSIBLE_TRAVEL,90,HIGH,2026-06-17 07:29:12.084489,Mumbai,
USER_0061,IMPOSSIBLE_TRAVEL,90,HIGH,2026-04-07 21:39:56.086088,Tokyo,
USER_0061,IMPOSSIBLE_TRAVEL,90,HIGH,2026-04-15 08:34:45.087961,New York,
USER_0061,IMPOSSIBLE_TRAVEL,90,HIGH,2026-04-30 22:57:43.087679,Sydney,
USER_0061,IMPOSSIBLE_TRAVEL,90,HIGH,2026-05-20 18:10:15.087546,Tokyo,
USER_0061,IMPOSSIBLE_TRAVEL,90,HIGH,2026-05-31 15:51:08.087113,Mumbai,
USER_0061,IMPOSSIBLE_TRAVEL,90,HIGH,2026-05-31 23:45:04.088235,Los Angeles,
USER_0061,IMPOSSIBLE_TRAVEL,90,HIGH,2026-06-01 08:19:59.087404,Singapore,
USER_0062,IMPOSSIBLE_TRAVEL,90,HIGH,2026-04-01 10:47:17.097568,Sydney,
USER_0062,IMPOSSIBLE_TRAVEL,90,HIGH,2026-04-08 20:39:19.094062,Sydney,
USER_0062,IMPOSSIBLE_TRAVEL,90,HIGH,2026-04-10 13:44:22.097427,Mumbai,
USER_0062,IMPOSSIBLE_TRAVEL,90,HIGH,2026-04-25 11:10:02.093306,Sydney,
USER_0062,IMPOSSIBLE_TRAVEL,90,HIGH,2026-05-08 16:05:16.098161,Sydney,
USER_0062,IMPOSSIBLE_TRAVEL,90,HIGH,2026-05-09 15:56:36.097870,Los Angeles,
USER_0062,IMPOSSIBLE_TRAVEL,90,HIGH,2026-05-26 18:52:14.098454,Dubai,
USER_0062,IMPOSSIBLE_TRAVEL,90,HIGH,2026-06-03 12:37:25.095509,Tokyo,
USER_0062,IMPOSSIBLE_TRAVEL,90,HIGH,2026-06-15 17:47:01.098314,Sydney,
USER_0062,IMPOSSIBLE_TRAVEL,90,HIGH,2026-06-19 20:33:46.097124,London,
USER_0063,IMPOSSIBLE_TRAVEL,90,HIGH,2026-03-26 11:31:41.099798,Singapore,
USER_0063,IMPOSSIBLE_TRAVEL,90,HIGH,2026-03-27 09:34:58.134192,Los Angeles,
USER_0063,IMPOSSIBLE_TRAVEL,90,HIGH,2026-04-07 06:20:02.134496,New York,
USER_0063,IMPOSSIBLE_TRAVEL,90,HIGH,2026-04-07 11:33:02.133313,Singapore,
USER_0063,IMPOSSIBLE_TRAVEL,90,HIGH,2026-04-13 07:06:47.134049,Dubai,
USER_0063,IMPOSSIBLE_TRAVEL,90,HIGH,2026-04-13 10:34:08.134665,Mumbai,
USER_0063,IMPOSSIBLE_TRAVEL,90,HIGH,2026-04-16 23:20:36.136203,Sydney,
USER_0063,IMPOSSIBLE_TRAVEL,90,HIGH,2026-04-17 17:39:05.136971,Singapore,
USER_0063,IMPOSSIBLE_TRAVEL,90,HIGH,2026-04-17 19:39:50.099361,Toronto,
USER_0063,IMPOSSIBLE_TRAVEL,90,HIGH,2026-04-18 10:15:30.137655,Singapore,
USER_0063,IMPOSSIBLE_TRAVEL,90,HIGH,2026-04-19 21:13:03.133144,New York,
USER_0063,IMPOSSIBLE_TRAVEL,90,HIGH,2026-04-20 07:25:17.140714,Singapore,
USER_0063,IMPOSSIBLE_TRAVEL,90,HIGH,2026-04-20 16:04:53.099035,London,
USER_0063,IMPOSSIBLE_TRAVEL,90,HIGH,2026-04-20 21:28:52.136021,Singapore,
USER_0063,IMPOSSIBLE_TRAVEL,90,HIGH,2026-04-21 16:25:59.137971,Sydney,
USER_0063,IMPOSSIBLE_TRAVEL,90,HIGH,2026-04-21 19:10:12.138963,Singapore,
USER_0063,IMPOSSIBLE_TRAVEL,90,HIGH,2026-04-22 07:26:35.143203,Dubai,
USER_0063,IMPOSSIBLE_TRAVEL,90,HIGH,2026-04-22 14:32:19.133631,Singapore,
USER_0063,IMPOSSIBLE_TRAVEL,90,HIGH,2026-04-23 09:22:39.142916,Mumbai,
USER_0063,IMPOSSIBLE_TRAVEL,90,HIGH,2026-04-23 10:09:11.137234,Singapore,
USER_0063,IMPOSSIBLE_TRAVEL,90,HIGH,2026-04-24 19:53:01.133474,Paris,
USER_0063,IMPOSSIBLE_TRAVEL,90,HIGH,2026-04-25 19:10:25.098867,Singapore,
USER_0063,IMPOSSIBLE_TRAVEL,90,HIGH,2026-05-09 21:49:08.140268,Dubai,
USER_0063,IMPOSSIBLE_TRAVEL,90,HIGH,2026-05-13 15:59:28.141286,Mumbai,
USER_0063,IMPOSSIBLE_TRAVEL,90,HIGH,2026-05-16 09:47:29.140927,Singapore,
USER_0063,IMPOSSIBLE_TRAVEL,90,HIGH,2026-05-16 17:23:29.142774,Tokyo,
USER_0063,IMPOSSIBLE_TRAVEL,90,HIGH,2026-05-17 08:48:03.136353,Singapore,
USER_0063,IMPOSSIBLE_TRAVEL,90,HIGH,2026-05-20 06:29:53.141989,Tokyo,
USER_0063,IMPOSSIBLE_TRAVEL,90,HIGH,2026-05-21 13:30:58.138413,Los Angeles,
USER_0063,IMPOSSIBLE_TRAVEL,90,HIGH,2026-05-31 08:58:21.133775,Sydney,
USER_0063,IMPOSSIBLE_TRAVEL,90,HIGH,2026-05-31 16:17:03.134333,Singapore,
USER_0063,IMPOSSIBLE_TRAVEL,90,HIGH,2026-06-07 21:44:04.142341,Tokyo,
USER_0063,IMPOSSIBLE_TRAVEL,90,HIGH,2026-06-11 07:23:42.139822,London,
USER_0064,IMPOSSIBLE_TRAVEL,90,HIGH,2026-03-27 22:31:53.150398,Dubai,
USER_0064,IMPOSSIBLE_TRAVEL,90,HIGH,2026-03-30 21:00:04.154394,Sydney,
USER_0064,IMPOSSIBLE_TRAVEL,90,HIGH,2026-04-05 07:50:50.156701,New York,
USER_0064,IMPOSSIBLE_TRAVEL,90,HIGH,2026-04-05 17:23:49.153446,Singapore,
USER_0064,IMPOSSIBLE_TRAVEL,90,HIGH,2026-04-06 06:53:43.145557,Los Angeles,
USER_0064,IMPOSSIBLE_TRAVEL,90,HIGH,2026-04-07 06:09:01.154525,Dubai,
USER_0064,IMPOSSIBLE_TRAVEL,90,HIGH,2026-04-24 22:36:17.151638,Paris,
USER_0064,IMPOSSIBLE_TRAVEL,90,HIGH,2026-04-30 17:46:59.146275,Sydney,
USER_0064,IMPOSSIBLE_TRAVEL,90,HIGH,2026-05-07 13:40:39.149139,Paris,
USER_0064,IMPOSSIBLE_TRAVEL,90,HIGH,2026-05-15 18:39:24.155034,Sydney,
USER_0064,IMPOSSIBLE_TRAVEL,90,HIGH,2026-05-30 15:57:05.145410,Singapore,
USER_0064,IMPOSSIBLE_TRAVEL,90,HIGH,2026-05-30 19:00:00.148134,Toronto,
USER_0064,IMPOSSIBLE_TRAVEL,90,HIGH,2026-06-06 12:19:16.146559,Sydney,
USER_0064,IMPOSSIBLE_TRAVEL,90,HIGH,2026-06-08 17:28:20.145267,Los Angeles,
USER_0064,IMPOSSIBLE_TRAVEL,90,HIGH,2026-06-12 17:10:13.145850,London,
USER_0064,IMPOSSIBLE_TRAVEL,90,HIGH,2026-06-13 10:45:27.155486,Sydney,
USER_0064,IMPOSSIBLE_TRAVEL,90,HIGH,2026-06-19 16:53:32.152574,Singapore,
USER_0065,IMPOSSIBLE_TRAVEL,90,HIGH,2026-04-18 13:42:18.158182,Singapore,
USER_0065,IMPOSSIBLE_TRAVEL,90,HIGH,2026-05-08 15:31:01.159041,Toronto,
USER_0065,IMPOSSIBLE_TRAVEL,90,HIGH,2026-05-09 07:58:17.157225,Los Angeles,
USER_0066,IMPOSSIBLE_TRAVEL,90,HIGH,2026-03-27 08:54:27.166758,New York,
USER_0066,IMPOSSIBLE_TRAVEL,90,HIGH,2026-03-28 07:43:21.164901,Paris,
USER_0066,IMPOSSIBLE_TRAVEL,90,HIGH,2026-04-01 08:08:44.167160,Tokyo,
USER_0066,IMPOSSIBLE_TRAVEL,90,HIGH,2026-04-11 20:31:43.165204,Paris,
USER_0066,IMPOSSIBLE_TRAVEL,90,HIGH,2026-04-12 14:26:45.165052,Toronto,
USER_0066,IMPOSSIBLE_TRAVEL,90,HIGH,2026-06-07 18:56:44.165359,Paris,
USER_0066,IMPOSSIBLE_TRAVEL,90,HIGH,2026-06-13 23:39:21.163333,Paris,
USER_0066,IMPOSSIBLE_TRAVEL,90,HIGH,2026-06-22 22:24:07.165502,Mumbai,
USER_0067,IMPOSSIBLE_TRAVEL,90,HIGH,2026-05-26 09:51:15.182517,Toronto,
USER_0067,IMPOSSIBLE_TRAVEL,90,HIGH,2026-05-26 17:27:51.182249,London,
USER_0067,IMPOSSIBLE_TRAVEL,90,HIGH,2026-05-27 12:03:34.183758,Dubai,
USER_0067,IMPOSSIBLE_TRAVEL,90,HIGH,2026-06-01 23:41:39.183366,London,
USER_0067,IMPOSSIBLE_TRAVEL,90,HIGH,2026-06-02 17:30:25.182961,Singapore,
USER_0067,IMPOSSIBLE_TRAVEL,90,HIGH,2026-06-03 16:46:47.183503,London,
USER_0068,IMPOSSIBLE_TRAVEL,90,HIGH,2026-03-26 11:52:26.186787,London,
USER_0068,IMPOSSIBLE_TRAVEL,90,HIGH,2026-03-26 21:50:48.189726,Tokyo,
USER_0068,IMPOSSIBLE_TRAVEL,90,HIGH,2026-03-29 10:05:42.188079,Paris,
USER_0068,IMPOSSIBLE_TRAVEL,90,HIGH,2026-03-29 15:00:01.195749,Tokyo,
USER_0068,IMPOSSIBLE_TRAVEL,90,HIGH,2026-03-30 12:33:10.194467,Los Angeles,
USER_0068,IMPOSSIBLE_TRAVEL,90,HIGH,2026-04-01 19:14:04.193520,Dubai,
USER_0068,IMPOSSIBLE_TRAVEL,90,HIGH,2026-04-05 10:37:55.194336,Tokyo,
USER_0068,IMPOSSIBLE_TRAVEL,90,HIGH,2026-04-07 22:40:27.191099,New York,
USER_0068,IMPOSSIBLE_TRAVEL,90,HIGH,2026-04-07 22:50:12.195851,Sydney,
USER_0068,IMPOSSIBLE_TRAVEL,90,HIGH,2026-04-08 08:28:59.196448,Tokyo,
USER_0068,IMPOSSIBLE_TRAVEL,90,HIGH,2026-04-14 21:54:10.195221,Dubai,
USER_0068,IMPOSSIBLE_TRAVEL,90,HIGH,2026-04-15 12:21:46.193787,Singapore,
USER_0068,IMPOSSIBLE_TRAVEL,90,HIGH,2026-04-25 11:30:19.190298,Tokyo,
USER_0068,IMPOSSIBLE_TRAVEL,90,HIGH,2026-05-09 20:27:33.196212,New York,
USER_0068,IMPOSSIBLE_TRAVEL,90,HIGH,2026-05-10 06:47:16.189312,London,
USER_0068,IMPOSSIBLE_TRAVEL,90,HIGH,2026-05-11 21:14:59.187795,Tokyo,
USER_0068,IMPOSSIBLE_TRAVEL,90,HIGH,2026-05-22 06:32:08.186594,Los Angeles,
USER_0068,IMPOSSIBLE_TRAVEL,90,HIGH,2026-05-22 12:29:21.194609,Tokyo,
USER_0068,IMPOSSIBLE_TRAVEL,90,HIGH,2026-05-26 13:47:12.197522,Singapore,
USER_0068,IMPOSSIBLE_TRAVEL,90,HIGH,2026-05-26 22:41:38.189864,Tokyo,
USER_0068,IMPOSSIBLE_TRAVEL,90,HIGH,2026-06-03 14:14:43.197926,Tokyo,
USER_0068,IMPOSSIBLE_TRAVEL,90,HIGH,2026-06-06 12:30:09.191230,Dubai,
USER_0068,IMPOSSIBLE_TRAVEL,90,HIGH,2026-06-11 18:26:21.193390,Tokyo,
USER_0068,IMPOSSIBLE_TRAVEL,90,HIGH,2026-06-17 08:17:25.194864,Tokyo,
USER_0068,IMPOSSIBLE_TRAVEL,90,HIGH,2026-06-17 10:48:49.187076,Paris,
USER_0069,IMPOSSIBLE_TRAVEL,90,HIGH,2026-04-01 07:23:42.199872,Paris,
USER_0069,IMPOSSIBLE_TRAVEL,90,HIGH,2026-04-02 06:47:45.201418,Singapore,
USER_0069,IMPOSSIBLE_TRAVEL,90,HIGH,2026-04-05 08:45:20.203282,Singapore,
USER_0069,IMPOSSIBLE_TRAVEL,90,HIGH,2026-04-16 19:18:05.204226,Singapore,
USER_0069,IMPOSSIBLE_TRAVEL,90,HIGH,2026-04-22 22:54:21.201299,Singapore,
USER_0070,IMPOSSIBLE_TRAVEL,90,HIGH,2026-04-30 23:48:49.206911,Paris,
USER_0070,IMPOSSIBLE_TRAVEL,90,HIGH,2026-05-01 16:36:14.207311,Mumbai,
USER_0070,IMPOSSIBLE_TRAVEL,90,HIGH,2026-05-05 20:07:41.206222,Tokyo,
USER_0070,IMPOSSIBLE_TRAVEL,90,HIGH,2026-05-07 15:35:49.208992,Tokyo,
USER_0070,IMPOSSIBLE_TRAVEL,90,HIGH,2026-05-14 06:42:05.210423,Los Angeles,
USER_0071,IMPOSSIBLE_TRAVEL,90,HIGH,2026-03-29 09:35:51.217437,London,
USER_0071,IMPOSSIBLE_TRAVEL,90,HIGH,2026-03-29 21:58:50.212632,Singapore,
USER_0071,IMPOSSIBLE_TRAVEL,90,HIGH,2026-04-04 20:15:12.211522,Tokyo,
USER_0071,IMPOSSIBLE_TRAVEL,90,HIGH,2026-04-23 23:25:17.248721,Los Angeles,
USER_0071,IMPOSSIBLE_TRAVEL,90,HIGH,2026-04-24 20:03:33.250091,London,
USER_0071,IMPOSSIBLE_TRAVEL,90,HIGH,2026-04-29 14:08:10.248548,Singapore,
USER_0071,IMPOSSIBLE_TRAVEL,90,HIGH,2026-05-05 17:03:32.213835,Toronto,
USER_0071,IMPOSSIBLE_TRAVEL,90,HIGH,2026-05-20 15:06:56.217579,Sydney,
USER_0071,IMPOSSIBLE_TRAVEL,90,HIGH,2026-05-21 09:22:42.218146,London,
USER_0071,IMPOSSIBLE_TRAVEL,90,HIGH,2026-05-28 14:05:12.211802,London,
USER_0071,IMPOSSIBLE_TRAVEL,90,HIGH,2026-06-05 07:50:10.217017,Dubai,
USER_0071,IMPOSSIBLE_TRAVEL,90,HIGH,2026-06-07 19:53:22.217154,Singapore,
USER_0071,IMPOSSIBLE_TRAVEL,90,HIGH,2026-06-21 14:09:12.213388,London,
USER_0071,IMPOSSIBLE_TRAVEL,90,HIGH,2026-06-21 16:06:42.249937,Toronto,
USER_0072,IMPOSSIBLE_TRAVEL,90,HIGH,2026-03-28 13:12:56.257793,Singapore,
USER_0072,IMPOSSIBLE_TRAVEL,90,HIGH,2026-04-12 13:52:00.253139,Singapore,
USER_0072,IMPOSSIBLE_TRAVEL,90,HIGH,2026-04-16 14:47:06.257624,Los Angeles,
USER_0072,IMPOSSIBLE_TRAVEL,90,HIGH,2026-04-23 18:14:07.258051,Los Angeles,
USER_0072,IMPOSSIBLE_TRAVEL,90,HIGH,2026-04-23 22:05:01.258869,Singapore,
USER_0072,IMPOSSIBLE_TRAVEL,90,HIGH,2026-05-06 19:10:03.254376,Mumbai,
USER_0072,IMPOSSIBLE_TRAVEL,90,HIGH,2026-05-07 09:10:57.255738,Singapore,
USER_0072,IMPOSSIBLE_TRAVEL,90,HIGH,2026-05-20 10:49:53.254115,Paris,
USER_0072,IMPOSSIBLE_TRAVEL,90,HIGH,2026-05-21 07:48:46.259988,Singapore,
USER_0072,IMPOSSIBLE_TRAVEL,90,HIGH,2026-05-24 07:09:58.256550,Sydney,
USER_0072,IMPOSSIBLE_TRAVEL,90,HIGH,2026-06-09 14:46:18.255872,Singapore,
USER_0072,IMPOSSIBLE_TRAVEL,90,HIGH,2026-06-18 23:16:31.256150,Singapore,
USER_0073,IMPOSSIBLE_TRAVEL,90,HIGH,2026-03-24 22:57:50.268573,Paris,
USER_0073,IMPOSSIBLE_TRAVEL,90,HIGH,2026-03-25 16:05:46.262280,Dubai,
USER_0073,IMPOSSIBLE_TRAVEL,90,HIGH,2026-03-25 20:58:53.268431,Paris,
USER_0073,IMPOSSIBLE_TRAVEL,90,HIGH,2026-03-30 09:10:57.267547,Mumbai,
USER_0073,IMPOSSIBLE_TRAVEL,90,HIGH,2026-03-30 20:43:30.264307,Paris,
USER_0073,IMPOSSIBLE_TRAVEL,90,HIGH,2026-04-12 13:34:30.268152,Paris,
USER_0073,IMPOSSIBLE_TRAVEL,90,HIGH,2026-04-12 19:57:41.268855,Dubai,
USER_0073,IMPOSSIBLE_TRAVEL,90,HIGH,2026-04-12 21:51:18.267857,Paris,
USER_0073,IMPOSSIBLE_TRAVEL,90,HIGH,2026-04-21 18:17:03.263099,Paris,
USER_0073,IMPOSSIBLE_TRAVEL,90,HIGH,2026-04-27 19:02:28.262824,Paris,
USER_0073,IMPOSSIBLE_TRAVEL,90,HIGH,2026-05-01 09:21:29.272602,Paris,
USER_0073,IMPOSSIBLE_TRAVEL,90,HIGH,2026-05-02 15:45:09.269232,Tokyo,
USER_0073,IMPOSSIBLE_TRAVEL,90,HIGH,2026-05-12 11:38:09.267129,Mumbai,
USER_0073,IMPOSSIBLE_TRAVEL,90,HIGH,2026-05-12 17:46:53.261200,Paris,
USER_0073,IMPOSSIBLE_TRAVEL,90,HIGH,2026-05-12 20:37:43.272319,Los Angeles,
USER_0073,IMPOSSIBLE_TRAVEL,90,HIGH,2026-05-23 20:13:36.271958,New York,
USER_0073,IMPOSSIBLE_TRAVEL,90,HIGH,2026-05-24 14:22:52.264985,Paris,
USER_0073,IMPOSSIBLE_TRAVEL,90,HIGH,2026-06-01 08:34:29.270421,Toronto,
USER_0073,IMPOSSIBLE_TRAVEL,90,HIGH,2026-06-09 07:07:29.265392,Paris,
USER_0073,IMPOSSIBLE_TRAVEL,90,HIGH,2026-06-13 15:05:54.272506,Singapore,
USER_0073,IMPOSSIBLE_TRAVEL,90,HIGH,2026-06-14 11:46:16.264174,Paris,
USER_0073,IMPOSSIBLE_TRAVEL,90,HIGH,2026-06-14 20:27:48.266367,New York,
USER_0074,IMPOSSIBLE_TRAVEL,90,HIGH,2026-03-25 09:22:36.277083,Toronto,
USER_0074,IMPOSSIBLE_TRAVEL,90,HIGH,2026-03-25 23:19:16.275484,Mumbai,
USER_0074,IMPOSSIBLE_TRAVEL,90,HIGH,2026-04-02 18:58:33.275983,Mumbai,
USER_0074,IMPOSSIBLE_TRAVEL,90,HIGH,2026-04-07 12:06:51.280304,Sydney,
USER_0074,IMPOSSIBLE_TRAVEL,90,HIGH,2026-04-20 14:46:05.274508,Dubai,
USER_0074,IMPOSSIBLE_TRAVEL,90,HIGH,2026-04-30 19:24:42.276467,New York,
USER_0074,IMPOSSIBLE_TRAVEL,90,HIGH,2026-05-01 10:46:51.279454,Mumbai,
USER_0074,IMPOSSIBLE_TRAVEL,90,HIGH,2026-05-04 18:18:46.276837,Mumbai,
USER_0074,IMPOSSIBLE_TRAVEL,90,HIGH,2026-05-16 13:26:30.274260,Dubai,
USER_0074,IMPOSSIBLE_TRAVEL,90,HIGH,2026-05-17 11:43:18.273269,Mumbai,
USER_0074,IMPOSSIBLE_TRAVEL,90,HIGH,2026-06-01 14:52:11.282391,Mumbai,
USER_0074,IMPOSSIBLE_TRAVEL,90,HIGH,2026-06-04 13:15:34.277334,Mumbai,
USER_0074,IMPOSSIBLE_TRAVEL,90,HIGH,2026-06-05 07:09:41.282769,Dubai,
USER_0074,IMPOSSIBLE_TRAVEL,90,HIGH,2026-06-08 06:47:24.276105,Mumbai,
USER_0074,IMPOSSIBLE_TRAVEL,90,HIGH,2026-06-10 21:55:17.282530,Toronto,
USER_0074,IMPOSSIBLE_TRAVEL,90,HIGH,2026-06-11 07:20:35.279068,Sydney,
USER_0075,IMPOSSIBLE_TRAVEL,90,HIGH,2026-03-30 20:33:35.303844,Los Angeles,
USER_0075,IMPOSSIBLE_TRAVEL,90,HIGH,2026-04-01 22:55:27.306764,Tokyo,
USER_0075,IMPOSSIBLE_TRAVEL,90,HIGH,2026-04-11 17:58:06.307033,Los Angeles,
USER_0075,IMPOSSIBLE_TRAVEL,90,HIGH,2026-04-27 10:11:18.307697,Paris,
USER_0075,IMPOSSIBLE_TRAVEL,90,HIGH,2026-05-02 21:40:25.284098,Los Angeles,
USER_0075,IMPOSSIBLE_TRAVEL,90,HIGH,2026-06-02 13:15:00.306620,Mumbai,
USER_0075,IMPOSSIBLE_TRAVEL,90,HIGH,2026-06-18 16:21:18.306332,Los Angeles,
USER_0075,IMPOSSIBLE_TRAVEL,90,HIGH,2026-06-18 22:45:55.307298,Singapore,
USER_0075,IMPOSSIBLE_TRAVEL,90,HIGH,2026-06-22 08:08:18.283595,Dubai,
USER_0075,IMPOSSIBLE_TRAVEL,90,HIGH,2026-06-22 21:42:20.304959,Los Angeles,
USER_0076,IMPOSSIBLE_TRAVEL,90,HIGH,2026-04-05 21:08:07.321907,Paris,
USER_0076,IMPOSSIBLE_TRAVEL,90,HIGH,2026-04-10 11:19:49.308908,Toronto,
USER_0076,IMPOSSIBLE_TRAVEL,90,HIGH,2026-04-16 09:05:59.309873,Dubai,
USER_0076,IMPOSSIBLE_TRAVEL,90,HIGH,2026-05-06 13:50:13.310625,Singapore,
USER_0076,IMPOSSIBLE_TRAVEL,90,HIGH,2026-05-07 12:39:38.309458,Paris,
USER_0076,IMPOSSIBLE_TRAVEL,90,HIGH,2026-05-27 12:09:30.310144,New York,
USER_0076,IMPOSSIBLE_TRAVEL,90,HIGH,2026-06-02 21:53:52.310489,Paris,
USER_0076,IMPOSSIBLE_TRAVEL,90,HIGH,2026-06-22 19:03:27.312685,New York,
USER_0077,IMPOSSIBLE_TRAVEL,90,HIGH,2026-03-30 21:27:56.325696,Los Angeles,
USER_0077,IMPOSSIBLE_TRAVEL,90,HIGH,2026-03-31 16:05:33.327600,New York,
USER_0077,IMPOSSIBLE_TRAVEL,90,HIGH,2026-04-04 09:01:59.331336,Paris,
USER_0077,IMPOSSIBLE_TRAVEL,90,HIGH,2026-04-16 13:14:11.329021,London,
USER_0077,IMPOSSIBLE_TRAVEL,90,HIGH,2026-04-16 22:44:25.333486,New York,
USER_0077,IMPOSSIBLE_TRAVEL,90,HIGH,2026-04-17 14:32:43.326311,Sydney,
USER_0077,IMPOSSIBLE_TRAVEL,90,HIGH,2026-04-19 12:14:49.330247,New York,
USER_0077,IMPOSSIBLE_TRAVEL,90,HIGH,2026-04-23 16:06:03.333269,New York,
USER_0077,IMPOSSIBLE_TRAVEL,90,HIGH,2026-05-10 20:43:34.330793,Paris,
USER_0077,IMPOSSIBLE_TRAVEL,90,HIGH,2026-05-11 19:26:02.329977,New York,
USER_0077,IMPOSSIBLE_TRAVEL,90,HIGH,2026-05-13 15:13:44.335339,Dubai,
USER_0077,IMPOSSIBLE_TRAVEL,90,HIGH,2026-05-14 11:09:28.324933,New York,
USER_0077,IMPOSSIBLE_TRAVEL,90,HIGH,2026-05-15 06:48:04.332031,Sydney,
USER_0077,IMPOSSIBLE_TRAVEL,90,HIGH,2026-05-15 13:02:45.334789,New York,
USER_0077,IMPOSSIBLE_TRAVEL,90,HIGH,2026-05-15 20:27:13.323598,Dubai,
USER_0077,IMPOSSIBLE_TRAVEL,90,HIGH,2026-05-20 08:16:17.326164,New York,
USER_0077,IMPOSSIBLE_TRAVEL,90,HIGH,2026-05-30 14:56:10.330653,London,
USER_0077,IMPOSSIBLE_TRAVEL,90,HIGH,2026-06-02 16:36:41.324024,Los Angeles,
USER_0077,IMPOSSIBLE_TRAVEL,90,HIGH,2026-06-05 07:23:11.328861,New York,
USER_0077,IMPOSSIBLE_TRAVEL,90,HIGH,2026-06-10 21:10:23.327744,Dubai,
USER_0077,IMPOSSIBLE_TRAVEL,90,HIGH,2026-06-15 12:01:18.331483,Mumbai,
USER_0077,IMPOSSIBLE_TRAVEL,90,HIGH,2026-06-15 17:50:41.327198,New York,
USER_0077,IMPOSSIBLE_TRAVEL,90,HIGH,2026-06-17 17:02:03.334640,Sydney,
USER_0078,IMPOSSIBLE_TRAVEL,90,HIGH,2026-04-02 15:09:47.338836,Paris,
USER_0078,IMPOSSIBLE_TRAVEL,90,HIGH,2026-04-06 21:32:43.338249,New York,
USER_0079,IMPOSSIBLE_TRAVEL,90,HIGH,2026-03-26 19:05:43.350963,Toronto,
USER_0079,IMPOSSIBLE_TRAVEL,90,HIGH,2026-04-01 22:00:57.344296,Sydney,
USER_0079,IMPOSSIBLE_TRAVEL,90,HIGH,2026-04-02 15:34:20.347871,Toronto,
USER_0079,IMPOSSIBLE_TRAVEL,90,HIGH,2026-04-24 21:23:08.350192,Toronto,
USER_0079,IMPOSSIBLE_TRAVEL,90,HIGH,2026-05-06 17:39:19.348637,Paris,
USER_0079,IMPOSSIBLE_TRAVEL,90,HIGH,2026-05-13 13:18:37.345734,Toronto,
USER_0079,IMPOSSIBLE_TRAVEL,90,HIGH,2026-05-18 22:44:21.340887,Toronto,
USER_0079,IMPOSSIBLE_TRAVEL,90,HIGH,2026-05-27 22:45:30.347312,New York,
USER_0079,IMPOSSIBLE_TRAVEL,90,HIGH,2026-06-03 11:03:14.344156,Paris,
USER_0079,IMPOSSIBLE_TRAVEL,90,HIGH,2026-06-04 09:25:34.342211,Toronto,
USER_0079,IMPOSSIBLE_TRAVEL,90,HIGH,2026-06-10 15:42:48.345292,Los Angeles,
USER_0079,IMPOSSIBLE_TRAVEL,90,HIGH,2026-06-11 07:06:22.342501,Toronto,
USER_0079,IMPOSSIBLE_TRAVEL,90,HIGH,2026-06-12 14:29:30.341042,Tokyo,
USER_0079,IMPOSSIBLE_TRAVEL,90,HIGH,2026-06-16 21:37:51.353620,Toronto,
USER_0080,IMPOSSIBLE_TRAVEL,90,HIGH,2026-03-31 14:26:52.363696,Los Angeles,
USER_0080,IMPOSSIBLE_TRAVEL,90,HIGH,2026-04-01 08:55:49.354558,Singapore,
USER_0080,IMPOSSIBLE_TRAVEL,90,HIGH,2026-04-01 17:13:18.355103,Dubai,
USER_0080,IMPOSSIBLE_TRAVEL,90,HIGH,2026-04-04 10:36:21.357217,Sydney,
USER_0080,IMPOSSIBLE_TRAVEL,90,HIGH,2026-04-04 20:22:38.355962,Dubai,
USER_0080,IMPOSSIBLE_TRAVEL,90,HIGH,2026-04-08 09:10:53.362427,New York,
USER_0080,IMPOSSIBLE_TRAVEL,90,HIGH,2026-04-19 22:56:53.359432,Tokyo,
USER_0080,IMPOSSIBLE_TRAVEL,90,HIGH,2026-04-20 18:23:00.361759,Dubai,
USER_0080,IMPOSSIBLE_TRAVEL,90,HIGH,2026-05-06 18:23:13.357884,London,
USER_0080,IMPOSSIBLE_TRAVEL,90,HIGH,2026-05-06 22:25:40.356793,Toronto,
USER_0080,IMPOSSIBLE_TRAVEL,90,HIGH,2026-05-13 20:01:45.356253,Dubai,
USER_0080,IMPOSSIBLE_TRAVEL,90,HIGH,2026-05-17 18:08:05.363148,Tokyo,
USER_0080,IMPOSSIBLE_TRAVEL,90,HIGH,2026-05-18 07:34:18.362869,Paris,
USER_0080,IMPOSSIBLE_TRAVEL,90,HIGH,2026-05-23 10:34:59.357621,Dubai,
USER_0080,IMPOSSIBLE_TRAVEL,90,HIGH,2026-05-24 17:36:57.363592,Los Angeles,
USER_0080,IMPOSSIBLE_TRAVEL,90,HIGH,2026-06-02 16:14:31.364340,Toronto,
USER_0080,IMPOSSIBLE_TRAVEL,90,HIGH,2026-06-03 08:30:26.364017,Dubai,
USER_0080,IMPOSSIBLE_TRAVEL,90,HIGH,2026-06-17 20:37:05.358022,Singapore,
USER_0080,IMPOSSIBLE_TRAVEL,90,HIGH,2026-06-18 13:33:18.357484,Los Angeles,
USER_0080,IMPOSSIBLE_TRAVEL,90,HIGH,2026-06-18 21:32:11.360421,Dubai,
USER_0081,IMPOSSIBLE_TRAVEL,90,HIGH,2026-05-05 06:03:02.367134,London,
USER_0082,IMPOSSIBLE_TRAVEL,90,HIGH,2026-03-25 17:07:16.371194,Singapore,
USER_0082,IMPOSSIBLE_TRAVEL,90,HIGH,2026-04-07 20:00:55.372826,Paris,
USER_0082,IMPOSSIBLE_TRAVEL,90,HIGH,2026-04-08 06:05:19.371508,Tokyo,
USER_0082,IMPOSSIBLE_TRAVEL,90,HIGH,2026-04-24 21:22:39.370885,Tokyo,
USER_0082,IMPOSSIBLE_TRAVEL,90,HIGH,2026-05-10 16:55:23.376389,Singapore,
USER_0082,IMPOSSIBLE_TRAVEL,90,HIGH,2026-05-17 19:47:59.372386,Singapore,
USER_0082,IMPOSSIBLE_TRAVEL,90,HIGH,2026-05-30 13:21:54.373851,Toronto,
USER_0082,IMPOSSIBLE_TRAVEL,90,HIGH,2026-06-20 20:20:50.377900,Toronto,
USER_0082,IMPOSSIBLE_TRAVEL,90,HIGH,2026-06-22 16:39:41.377341,Toronto,
USER_0083,IMPOSSIBLE_TRAVEL,90,HIGH,2026-04-25 13:10:26.380701,Toronto,
USER_0083,IMPOSSIBLE_TRAVEL,90,HIGH,2026-04-25 13:43:33.378490,Dubai,
USER_0083,IMPOSSIBLE_TRAVEL,90,HIGH,2026-05-29 16:47:08.382201,Singapore,
USER_0083,IMPOSSIBLE_TRAVEL,90,HIGH,2026-05-30 14:38:10.379865,Dubai,
USER_0083,IMPOSSIBLE_TRAVEL,90,HIGH,2026-06-22 11:56:36.380842,Dubai,
USER_0084,IMPOSSIBLE_TRAVEL,90,HIGH,2026-04-07 17:34:58.387943,Tokyo,
USER_0084,IMPOSSIBLE_TRAVEL,90,HIGH,2026-04-08 11:28:22.388157,Paris,
USER_0084,IMPOSSIBLE_TRAVEL,90,HIGH,2026-04-29 22:57:45.387106,Paris,
USER_0084,IMPOSSIBLE_TRAVEL,90,HIGH,2026-05-05 18:58:25.384158,Toronto,
USER_0084,IMPOSSIBLE_TRAVEL,90,HIGH,2026-05-05 20:04:02.389210,Paris,
USER_0084,IMPOSSIBLE_TRAVEL,90,HIGH,2026-05-26 22:31:58.388460,Paris,
USER_0084,IMPOSSIBLE_TRAVEL,90,HIGH,2026-06-19 16:22:23.389803,Paris,
USER_0085,IMPOSSIBLE_TRAVEL,90,HIGH,2026-04-03 11:19:17.393281,London,
USER_0085,IMPOSSIBLE_TRAVEL,90,HIGH,2026-04-13 21:40:50.391698,Los Angeles,
USER_0085,IMPOSSIBLE_TRAVEL,90,HIGH,2026-04-24 13:35:35.391282,Paris,
USER_0085,IMPOSSIBLE_TRAVEL,90,HIGH,2026-05-10 14:01:08.392391,Mumbai,
USER_0085,IMPOSSIBLE_TRAVEL,90,HIGH,2026-05-10 19:42:31.391836,Los Angeles,
USER_0085,IMPOSSIBLE_TRAVEL,90,HIGH,2026-05-22 07:08:33.392672,Los Angeles,
USER_0085,IMPOSSIBLE_TRAVEL,90,HIGH,2026-05-25 06:42:16.391967,London,
USER_0085,IMPOSSIBLE_TRAVEL,90,HIGH,2026-05-25 19:31:22.393130,Los Angeles,
USER_0085,IMPOSSIBLE_TRAVEL,90,HIGH,2026-06-02 15:09:50.395272,Los Angeles,
USER_0086,IMPOSSIBLE_TRAVEL,90,HIGH,2026-03-29 09:13:21.396234,Tokyo,
USER_0086,IMPOSSIBLE_TRAVEL,90,HIGH,2026-03-31 16:15:42.397187,London,
USER_0086,IMPOSSIBLE_TRAVEL,90,HIGH,2026-04-04 13:42:02.400816,London,
USER_0086,IMPOSSIBLE_TRAVEL,90,HIGH,2026-04-08 22:45:58.397760,London,
USER_0086,IMPOSSIBLE_TRAVEL,90,HIGH,2026-04-09 19:24:59.403279,Dubai,
USER_0086,IMPOSSIBLE_TRAVEL,90,HIGH,2026-05-13 16:37:44.405170,London,
USER_0086,IMPOSSIBLE_TRAVEL,90,HIGH,2026-05-14 08:42:05.404733,Sydney,
USER_0086,IMPOSSIBLE_TRAVEL,90,HIGH,2026-05-14 11:04:14.405020,Paris,
USER_0086,IMPOSSIBLE_TRAVEL,90,HIGH,2026-05-23 13:57:25.398940,Los Angeles,
USER_0086,IMPOSSIBLE_TRAVEL,90,HIGH,2026-05-24 11:19:52.400537,London,
USER_0086,IMPOSSIBLE_TRAVEL,90,HIGH,2026-06-01 18:28:38.404878,London,
USER_0087,IMPOSSIBLE_TRAVEL,90,HIGH,2026-04-02 07:44:18.406529,Mumbai,
USER_0087,IMPOSSIBLE_TRAVEL,90,HIGH,2026-05-06 11:15:31.406675,Toronto,
USER_0088,IMPOSSIBLE_TRAVEL,90,HIGH,2026-04-03 06:55:27.414024,Dubai,
USER_0088,IMPOSSIBLE_TRAVEL,90,HIGH,2026-05-13 23:44:48.416277,Singapore,
USER_0089,IMPOSSIBLE_TRAVEL,90,HIGH,2026-04-16 12:28:25.421909,Tokyo,
USER_0089,IMPOSSIBLE_TRAVEL,90,HIGH,2026-05-30 09:47:39.421210,Mumbai,
USER_0090,IMPOSSIBLE_TRAVEL,90,HIGH,2026-03-29 16:29:11.441197,London,
USER_0090,IMPOSSIBLE_TRAVEL,90,HIGH,2026-03-29 21:55:09.442450,Singapore,
USER_0090,IMPOSSIBLE_TRAVEL,90,HIGH,2026-03-30 17:54:16.438124,Mumbai,
USER_0090,IMPOSSIBLE_TRAVEL,90,HIGH,2026-04-20 15:03:39.441747,Singapore,
USER_0090,IMPOSSIBLE_TRAVEL,90,HIGH,2026-04-22 08:47:16.442028,Singapore,
USER_0090,IMPOSSIBLE_TRAVEL,90,HIGH,2026-05-05 11:11:20.439329,Singapore,
USER_0090,IMPOSSIBLE_TRAVEL,90,HIGH,2026-05-16 14:07:53.439190,Singapore,
USER_0090,IMPOSSIBLE_TRAVEL,90,HIGH,2026-06-09 20:57:26.439758,Tokyo,
USER_0090,IMPOSSIBLE_TRAVEL,90,HIGH,2026-06-10 21:19:56.441608,Singapore,
USER_0091,IMPOSSIBLE_TRAVEL,90,HIGH,2026-03-27 14:40:48.447399,Paris,
USER_0091,IMPOSSIBLE_TRAVEL,90,HIGH,2026-04-06 09:23:58.450065,Los Angeles,
USER_0091,IMPOSSIBLE_TRAVEL,90,HIGH,2026-04-15 11:08:47.446971,Sydney,
USER_0091,IMPOSSIBLE_TRAVEL,90,HIGH,2026-05-11 14:52:48.448105,Sydney,
USER_0091,IMPOSSIBLE_TRAVEL,90,HIGH,2026-05-17 08:17:58.447673,Sydney,
USER_0091,IMPOSSIBLE_TRAVEL,90,HIGH,2026-05-17 08:59:54.446121,Paris,
USER_0091,IMPOSSIBLE_TRAVEL,90,HIGH,2026-05-20 12:39:33.443858,Paris,
USER_0091,IMPOSSIBLE_TRAVEL,90,HIGH,2026-06-10 14:25:36.444008,Singapore,
USER_0091,IMPOSSIBLE_TRAVEL,90,HIGH,2026-06-18 13:30:53.446830,Tokyo,
USER_0091,IMPOSSIBLE_TRAVEL,90,HIGH,2026-06-19 06:43:10.448523,Toronto,
USER_0092,IMPOSSIBLE_TRAVEL,90,HIGH,2026-03-25 10:50:40.463776,Los Angeles,
USER_0092,IMPOSSIBLE_TRAVEL,90,HIGH,2026-03-25 11:47:07.451429,Mumbai,
USER_0092,IMPOSSIBLE_TRAVEL,90,HIGH,2026-03-26 06:46:36.455528,Sydney,
USER_0092,IMPOSSIBLE_TRAVEL,90,HIGH,2026-03-26 22:09:04.465173,Paris,
USER_0092,IMPOSSIBLE_TRAVEL,90,HIGH,2026-03-28 12:52:31.455669,Los Angeles,
USER_0092,IMPOSSIBLE_TRAVEL,90,HIGH,2026-03-28 18:47:29.455808,Paris,
USER_0092,IMPOSSIBLE_TRAVEL,90,HIGH,2026-03-30 22:42:50.464831,New York,
USER_0092,IMPOSSIBLE_TRAVEL,90,HIGH,2026-03-31 06:11:55.458156,Paris,
USER_0092,IMPOSSIBLE_TRAVEL,90,HIGH,2026-04-07 12:45:05.455261,Dubai,
USER_0092,IMPOSSIBLE_TRAVEL,90,HIGH,2026-04-07 22:03:11.453421,Los Angeles,
USER_0092,IMPOSSIBLE_TRAVEL,90,HIGH,2026-04-10 14:05:33.454005,New York,
USER_0092,IMPOSSIBLE_TRAVEL,90,HIGH,2026-04-17 18:32:44.452349,Paris,
USER_0092,IMPOSSIBLE_TRAVEL,90,HIGH,2026-04-23 06:43:19.465844,Singapore,
USER_0092,IMPOSSIBLE_TRAVEL,90,HIGH,2026-04-23 11:48:36.457211,Paris,
USER_0092,IMPOSSIBLE_TRAVEL,90,HIGH,2026-04-29 22:10:26.464181,Paris,
USER_0092,IMPOSSIBLE_TRAVEL,90,HIGH,2026-05-02 19:54:16.464394,Sydney,
USER_0092,IMPOSSIBLE_TRAVEL,90,HIGH,2026-05-02 23:14:45.454931,Paris,
USER_0092,IMPOSSIBLE_TRAVEL,90,HIGH,2026-05-19 10:23:42.456079,Mumbai,
USER_0092,IMPOSSIBLE_TRAVEL,90,HIGH,2026-05-19 12:15:14.459188,Paris,
USER_0092,IMPOSSIBLE_TRAVEL,90,HIGH,2026-05-30 21:02:21.454154,Sydney,
USER_0092,IMPOSSIBLE_TRAVEL,90,HIGH,2026-05-31 16:18:07.451717,New York,
USER_0092,IMPOSSIBLE_TRAVEL,90,HIGH,2026-05-31 18:56:35.451265,Paris,
USER_0092,IMPOSSIBLE_TRAVEL,90,HIGH,2026-05-31 20:10:37.452208,New York,
USER_0092,IMPOSSIBLE_TRAVEL,90,HIGH,2026-06-01 16:48:08.464498,Paris,
USER_0092,IMPOSSIBLE_TRAVEL,90,HIGH,2026-06-09 10:04:15.464603,Tokyo,
USER_0092,IMPOSSIBLE_TRAVEL,90,HIGH,2026-06-09 14:04:20.462793,Toronto,
USER_0092,IMPOSSIBLE_TRAVEL,90,HIGH,2026-06-10 08:19:22.467443,Paris,
USER_0092,IMPOSSIBLE_TRAVEL,90,HIGH,2026-06-13 22:28:56.456491,Tokyo,
USER_0092,IMPOSSIBLE_TRAVEL,90,HIGH,2026-06-14 13:24:04.451575,Paris,
USER_0093,IMPOSSIBLE_TRAVEL,90,HIGH,2026-04-02 23:15:26.491841,Mumbai,
USER_0093,IMPOSSIBLE_TRAVEL,90,HIGH,2026-04-03 13:36:45.490050,New York,
USER_0093,IMPOSSIBLE_TRAVEL,90,HIGH,2026-04-09 10:01:11.473607,Sydney,
USER_0093,IMPOSSIBLE_TRAVEL,90,HIGH,2026-04-19 11:02:58.475636,Los Angeles,
USER_0093,IMPOSSIBLE_TRAVEL,90,HIGH,2026-04-24 13:11:05.489494,Tokyo,
USER_0093,IMPOSSIBLE_TRAVEL,90,HIGH,2026-04-24 21:12:10.471770,London,
USER_0093,IMPOSSIBLE_TRAVEL,90,HIGH,2026-04-25 21:55:28.472696,Dubai,
USER_0093,IMPOSSIBLE_TRAVEL,90,HIGH,2026-04-26 07:13:05.491729,London,
USER_0093,IMPOSSIBLE_TRAVEL,90,HIGH,2026-04-26 23:46:03.488253,Sydney,
USER_0093,IMPOSSIBLE_TRAVEL,90,HIGH,2026-05-07 18:45:18.491372,New York,
USER_0093,IMPOSSIBLE_TRAVEL,90,HIGH,2026-05-07 22:25:08.479905,London,
USER_0093,IMPOSSIBLE_TRAVEL,90,HIGH,2026-05-15 12:35:40.479349,London,
USER_0093,IMPOSSIBLE_TRAVEL,90,HIGH,2026-05-17 17:01:22.478738,London,
USER_0093,IMPOSSIBLE_TRAVEL,90,HIGH,2026-06-05 20:44:40.473354,London,
USER_0093,IMPOSSIBLE_TRAVEL,90,HIGH,2026-06-06 17:12:50.490840,Dubai,
USER_0093,IMPOSSIBLE_TRAVEL,90,HIGH,2026-06-06 18:19:43.489363,London,
USER_0093,IMPOSSIBLE_TRAVEL,90,HIGH,2026-06-10 10:45:33.475176,New York,
USER_0093,IMPOSSIBLE_TRAVEL,90,HIGH,2026-06-14 06:31:00.492198,London,
USER_0094,IMPOSSIBLE_TRAVEL,90,HIGH,2026-04-09 11:00:25.496010,Mumbai,
USER_0094,IMPOSSIBLE_TRAVEL,90,HIGH,2026-05-13 13:58:23.496146,London,
USER_0094,IMPOSSIBLE_TRAVEL,90,HIGH,2026-05-26 10:41:13.493617,Dubai,
USER_0094,IMPOSSIBLE_TRAVEL,90,HIGH,2026-06-06 14:36:08.496424,Sydney,
USER_0095,IMPOSSIBLE_TRAVEL,90,HIGH,2026-03-25 11:21:06.497496,Mumbai,
USER_0095,IMPOSSIBLE_TRAVEL,90,HIGH,2026-03-25 11:57:13.506424,Sydney,
USER_0095,IMPOSSIBLE_TRAVEL,90,HIGH,2026-03-25 19:20:52.507520,Los Angeles,
USER_0095,IMPOSSIBLE_TRAVEL,90,HIGH,2026-04-06 18:10:19.503442,Toronto,
USER_0095,IMPOSSIBLE_TRAVEL,90,HIGH,2026-04-06 22:33:09.501666,Sydney,
USER_0095,IMPOSSIBLE_TRAVEL,90,HIGH,2026-04-11 06:10:19.497635,London,
USER_0095,IMPOSSIBLE_TRAVEL,90,HIGH,2026-04-12 06:56:49.507834,Sydney,
USER_0095,IMPOSSIBLE_TRAVEL,90,HIGH,2026-04-17 15:19:43.508577,Dubai,
USER_0095,IMPOSSIBLE_TRAVEL,90,HIGH,2026-04-17 22:41:04.506569,New York,
USER_0095,IMPOSSIBLE_TRAVEL,90,HIGH,2026-04-18 07:09:28.503300,Sydney,
USER_0095,IMPOSSIBLE_TRAVEL,90,HIGH,2026-04-19 18:13:48.506993,Toronto,
USER_0095,IMPOSSIBLE_TRAVEL,90,HIGH,2026-04-19 19:39:44.504136,Sydney,
USER_0095,IMPOSSIBLE_TRAVEL,90,HIGH,2026-04-22 07:52:01.503860,Toronto,
USER_0095,IMPOSSIBLE_TRAVEL,90,HIGH,2026-04-22 22:27:32.500847,London,
USER_0095,IMPOSSIBLE_TRAVEL,90,HIGH,2026-04-24 21:50:05.500711,Sydney,
USER_0095,IMPOSSIBLE_TRAVEL,90,HIGH,2026-04-25 19:54:01.501526,Singapore,
USER_0095,IMPOSSIBLE_TRAVEL,90,HIGH,2026-04-25 22:09:45.501110,Sydney,
USER_0095,IMPOSSIBLE_TRAVEL,90,HIGH,2026-04-26 06:51:18.499888,London,
USER_0095,IMPOSSIBLE_TRAVEL,90,HIGH,2026-05-01 21:09:37.501940,Toronto,
USER_0095,IMPOSSIBLE_TRAVEL,90,HIGH,2026-05-03 20:30:40.498050,Sydney,
USER_0095,IMPOSSIBLE_TRAVEL,90,HIGH,2026-05-04 15:03:19.508824,New York,
USER_0095,IMPOSSIBLE_TRAVEL,90,HIGH,2026-05-07 09:30:45.508357,Tokyo,
USER_0095,IMPOSSIBLE_TRAVEL,90,HIGH,2026-05-07 14:52:18.499024,Sydney,
USER_0095,IMPOSSIBLE_TRAVEL,90,HIGH,2026-05-08 17:10:28.507411,Singapore,
USER_0095,IMPOSSIBLE_TRAVEL,90,HIGH,2026-05-09 21:20:10.498331,Toronto,
USER_0095,IMPOSSIBLE_TRAVEL,90,HIGH,2026-05-10 19:15:23.499161,Sydney,
USER_0095,IMPOSSIBLE_TRAVEL,90,HIGH,2026-05-21 11:56:25.509520,Sydney,
USER_0095,IMPOSSIBLE_TRAVEL,90,HIGH,2026-05-28 19:40:49.503140,Singapore,
USER_0095,IMPOSSIBLE_TRAVEL,90,HIGH,2026-05-29 08:37:12.500300,Mumbai,
USER_0095,IMPOSSIBLE_TRAVEL,90,HIGH,2026-06-01 13:15:39.501798,Dubai,
USER_0095,IMPOSSIBLE_TRAVEL,90,HIGH,2026-06-08 21:06:04.508691,Sydney,
USER_0095,IMPOSSIBLE_TRAVEL,90,HIGH,2026-06-09 06:29:31.499575,London,
USER_0095,IMPOSSIBLE_TRAVEL,90,HIGH,2026-06-09 11:00:27.508979,Sydney,
USER_0095,IMPOSSIBLE_TRAVEL,90,HIGH,2026-06-13 13:17:25.503724,London,
USER_0096,IMPOSSIBLE_TRAVEL,90,HIGH,2026-04-04 12:15:53.517768,Paris,
USER_0096,IMPOSSIBLE_TRAVEL,90,HIGH,2026-04-13 08:12:19.520909,London,
USER_0096,IMPOSSIBLE_TRAVEL,90,HIGH,2026-04-13 14:06:33.515081,Mumbai,
USER_0096,IMPOSSIBLE_TRAVEL,90,HIGH,2026-04-13 17:50:52.529294,Dubai,
USER_0096,IMPOSSIBLE_TRAVEL,90,HIGH,2026-04-25 15:12:04.521196,London,
USER_0096,IMPOSSIBLE_TRAVEL,90,HIGH,2026-05-07 12:31:28.525587,Dubai,
USER_0096,IMPOSSIBLE_TRAVEL,90,HIGH,2026-05-09 10:19:11.522235,Dubai,
USER_0096,IMPOSSIBLE_TRAVEL,90,HIGH,2026-05-18 13:02:54.517224,Dubai,
USER_0096,IMPOSSIBLE_TRAVEL,90,HIGH,2026-05-20 14:11:39.514095,Sydney,
USER_0096,IMPOSSIBLE_TRAVEL,90,HIGH,2026-05-24 16:01:50.524176,Dubai,
USER_0096,IMPOSSIBLE_TRAVEL,90,HIGH,2026-05-27 09:27:46.513168,Mumbai,
USER_0096,IMPOSSIBLE_TRAVEL,90,HIGH,2026-06-03 08:38:05.511881,Dubai,
USER_0096,IMPOSSIBLE_TRAVEL,90,HIGH,2026-06-17 19:18:48.517918,Tokyo,
USER_0096,IMPOSSIBLE_TRAVEL,90,HIGH,2026-06-18 09:09:10.525030,Los Angeles,
USER_0096,IMPOSSIBLE_TRAVEL,90,HIGH,2026-06-18 15:31:07.511156,Dubai,
USER_0096,IMPOSSIBLE_TRAVEL,90,HIGH,2026-06-19 16:35:30.516269,Paris,
USER_0097,IMPOSSIBLE_TRAVEL,90,HIGH,2026-04-30 17:29:53.534927,London,
USER_0097,IMPOSSIBLE_TRAVEL,90,HIGH,2026-05-20 08:10:13.532479,London,
USER_0097,IMPOSSIBLE_TRAVEL,90,HIGH,2026-05-20 20:15:52.530081,Dubai,
USER_0098,IMPOSSIBLE_TRAVEL,90,HIGH,2026-03-29 20:51:31.553738,Tokyo,
USER_0098,IMPOSSIBLE_TRAVEL,90,HIGH,2026-03-30 12:07:39.553840,Dubai,
USER_0098,IMPOSSIBLE_TRAVEL,90,HIGH,2026-03-31 09:01:13.557566,Tokyo,
USER_0098,IMPOSSIBLE_TRAVEL,90,HIGH,2026-04-04 20:29:19.548510,Tokyo,
USER_0098,IMPOSSIBLE_TRAVEL,90,HIGH,2026-04-05 15:45:03.541668,New York,
USER_0098,IMPOSSIBLE_TRAVEL,90,HIGH,2026-04-05 18:38:53.548675,Los Angeles,
USER_0098,IMPOSSIBLE_TRAVEL,90,HIGH,2026-04-05 22:35:53.546608,Tokyo,
USER_0098,IMPOSSIBLE_TRAVEL,90,HIGH,2026-04-06 17:32:35.555407,New York,
USER_0098,IMPOSSIBLE_TRAVEL,90,HIGH,2026-04-09 19:43:20.543983,Singapore,
USER_0098,IMPOSSIBLE_TRAVEL,90,HIGH,2026-04-09 22:21:07.545107,Tokyo,
USER_0098,IMPOSSIBLE_TRAVEL,90,HIGH,2026-04-12 08:49:59.551268,Mumbai,
USER_0098,IMPOSSIBLE_TRAVEL,90,HIGH,2026-04-13 14:05:00.550794,Tokyo,
USER_0098,IMPOSSIBLE_TRAVEL,90,HIGH,2026-04-20 23:13:39.540430,Sydney,
USER_0098,IMPOSSIBLE_TRAVEL,90,HIGH,2026-04-26 16:22:25.554903,Tokyo,
USER_0098,IMPOSSIBLE_TRAVEL,90,HIGH,2026-05-07 16:44:41.546744,Tokyo,
USER_0098,IMPOSSIBLE_TRAVEL,90,HIGH,2026-05-17 07:15:13.538917,Tokyo,
USER_0098,IMPOSSIBLE_TRAVEL,90,HIGH,2026-05-17 16:36:58.553298,Paris,
USER_0098,IMPOSSIBLE_TRAVEL,90,HIGH,2026-05-18 14:21:16.541168,Tokyo,
USER_0098,IMPOSSIBLE_TRAVEL,90,HIGH,2026-05-19 16:11:07.543477,Paris,
USER_0098,IMPOSSIBLE_TRAVEL,90,HIGH,2026-05-21 14:10:58.551379,Paris,
USER_0098,IMPOSSIBLE_TRAVEL,90,HIGH,2026-05-21 18:09:11.540583,Tokyo,
USER_0098,IMPOSSIBLE_TRAVEL,90,HIGH,2026-05-25 17:40:11.547031,Mumbai,
USER_0098,IMPOSSIBLE_TRAVEL,90,HIGH,2026-05-25 18:44:08.546470,Tokyo,
USER_0098,IMPOSSIBLE_TRAVEL,90,HIGH,2026-06-03 09:45:28.539050,Los Angeles,
USER_0098,IMPOSSIBLE_TRAVEL,90,HIGH,2026-06-03 16:20:08.538507,Dubai,
USER_0098,IMPOSSIBLE_TRAVEL,90,HIGH,2026-06-04 12:48:55.548945,Tokyo,
USER_0098,IMPOSSIBLE_TRAVEL,90,HIGH,2026-06-04 16:35:04.544123,Mumbai,
USER_0098,IMPOSSIBLE_TRAVEL,90,HIGH,2026-06-07 12:13:19.549627,Tokyo,
USER_0098,IMPOSSIBLE_TRAVEL,90,HIGH,2026-06-11 08:47:07.543258,New York,
USER_0098,IMPOSSIBLE_TRAVEL,90,HIGH,2026-06-11 22:53:47.551605,Tokyo,
USER_0098,IMPOSSIBLE_TRAVEL,90,HIGH,2026-06-12 09:47:23.544402,New York,
USER_0098,IMPOSSIBLE_TRAVEL,90,HIGH,2026-06-17 23:26:53.541806,Tokyo,
USER_0099,IMPOSSIBLE_TRAVEL,90,HIGH,2026-04-15 22:51:59.559029,Tokyo,
USER_0099,IMPOSSIBLE_TRAVEL,90,HIGH,2026-05-04 17:36:37.574698,Tokyo,
USER_0099,IMPOSSIBLE_TRAVEL,90,HIGH,2026-05-09 10:46:10.572224,Tokyo,
USER_0099,IMPOSSIBLE_TRAVEL,90,HIGH,2026-05-11 21:40:23.573964,Tokyo,
USER_0099,IMPOSSIBLE_TRAVEL,90,HIGH,2026-05-14 16:50:25.566182,Los Angeles,
USER_0099,IMPOSSIBLE_TRAVEL,90,HIGH,2026-05-17 14:16:33.569392,Dubai,
USER_0099,IMPOSSIBLE_TRAVEL,90,HIGH,2026-05-20 15:51:23.560185,Singapore,
USER_0099,IMPOSSIBLE_TRAVEL,90,HIGH,2026-05-21 10:09:44.577265,Tokyo,
USER_0099,IMPOSSIBLE_TRAVEL,90,HIGH,2026-05-31 06:15:32.572469,Toronto,
USER_0099,IMPOSSIBLE_TRAVEL,90,HIGH,2026-05-31 23:52:38.576357,Tokyo,
USER_0099,IMPOSSIBLE_TRAVEL,90,HIGH,2026-06-10 10:28:06.565604,Tokyo,
USER_0099,IMPOSSIBLE_TRAVEL,90,HIGH,2026-06-11 07:10:09.567609,Toronto,
USER_0099,IMPOSSIBLE_TRAVEL,90,HIGH,2026-06-15 16:04:36.564749,Singapore,
USER_0099,IMPOSSIBLE_TRAVEL,90,HIGH,2026-06-18 08:05:20.564957,Tokyo,
USER_0099,IMPOSSIBLE_TRAVEL,90,HIGH,2026-06-18 21:56:34.574988,Mumbai,
USER_0099,IMPOSSIBLE_TRAVEL,90,HIGH,2026-06-19 12:05:54.574376,Tokyo,
USER_0099,IMPOSSIBLE_TRAVEL,90,HIGH,2026-06-19 18:46:23.559567,Los Angeles,
USER_0100,IMPOSSIBLE_TRAVEL,90,HIGH,2026-04-19 22:32:34.578873,Toronto,
USER_0100,IMPOSSIBLE_TRAVEL,90,HIGH,2026-04-25 07:02:38.578483,Dubai,
USER_0100,IMPOSSIBLE_TRAVEL,90,HIGH,2026-05-08 23:00:54.600149,Sydney,
USER_0100,IMPOSSIBLE_TRAVEL,90,HIGH,2026-05-09 19:36:55.578083,London,
USER_0100,IMPOSSIBLE_TRAVEL,90,HIGH,2026-06-17 11:04:06.578616,Dubai,
USER_0001,DEVICE_SPOOFING,70,MEDIUM,2026-05-11 22:22:53.099435,Singapore,
USER_0002,DEVICE_SPOOFING,70,MEDIUM,2026-04-04 14:23:22.111983,New York,
USER_0003,DEVICE_SPOOFING,70,MEDIUM,2026-05-30 11:36:13.117692,Los Angeles,
USER_0005,DEVICE_SPOOFING,70,MEDIUM,2026-05-20 16:37:26.132005,Mumbai,
USER_0006,DEVICE_SPOOFING,70,MEDIUM,2026-06-06 06:18:59.145902,Dubai,
USER_0009,DEVICE_SPOOFING,70,MEDIUM,2026-04-18 07:37:11.188526,Sydney,
USER_0010,DEVICE_SPOOFING,70,MEDIUM,2026-04-15 23:43:06.193872,Toronto,
USER_0011,DEVICE_SPOOFING,70,MEDIUM,2026-04-28 18:31:14.203917,New York,
USER_0012,DEVICE_SPOOFING,70,MEDIUM,2026-03-27 17:32:53.218889,Singapore,
USER_0021,DEVICE_SPOOFING,70,MEDIUM,2026-05-27 11:09:47.330632,Mumbai,
USER_0030,DEVICE_SPOOFING,70,MEDIUM,2026-06-11 06:48:57.471415,Mumbai,
USER_0088,DEVICE_SPOOFING,70,MEDIUM,2026-04-03 06:55:27.414024,Dubai,
USER_0001,ODD_HOURS,30,LOW,2026-05-20 03:36:24.097258,New York,Night login percentage: 1.54%
USER_0002,ODD_HOURS,30,LOW,2026-06-20 03:04:37.107304,London,Night login percentage: 1.16%
USER_0003,ODD_HOURS,30,LOW,2026-05-27 03:14:03.116591,Los Angeles,Night login percentage: 2.56%
USER_0004,ODD_HOURS,30,LOW,2026-04-12 03:10:07.131443,London,Night login percentage: 2.22%
USER_0005,ODD_HOURS,30,LOW,2026-05-27 03:03:28.140721,Toronto,Night login percentage: 3.12%
USER_0006,ODD_HOURS,30,LOW,2026-05-19 03:58:09.145763,Sydney,Night login percentage: 1.72%
USER_0007,ODD_HOURS,30,LOW,2026-05-15 03:22:29.153846,Los Angeles,Night login percentage: 3.23%
USER_0008,ODD_HOURS,30,LOW,2026-06-09 03:46:43.162923,Singapore,Night login percentage: 1.45%
USER_0009,ODD_HOURS,30,LOW,2026-06-17 03:45:26.168393,Sydney,Night login percentage: 1.01%
USER_0010,ODD_HOURS,30,LOW,2026-06-01 03:42:06.196220,New York,Night login percentage: 1.92%
USER_0011,ODD_HOURS,30,LOW,2026-06-07 03:22:32.206115,Tokyo,Night login percentage: 3.03%
USER_0012,ODD_HOURS,30,LOW,2026-06-08 03:50:47.220314,Paris,Night login percentage: 1.92%
USER_0013,ODD_HOURS,30,LOW,2026-04-06 03:37:14.225429,Sydney,Night login percentage: 2.38%
USER_0014,ODD_HOURS,30,LOW,2026-04-18 03:25:38.255134,Singapore,Night login percentage: 2.27%
USER_0015,ODD_HOURS,30,LOW,2026-06-13 03:16:23.264878,London,Night login percentage: 2.63%
